[2024-06-27 09:28:58] Executing bootstrap tasks
[2024-06-27 09:28:58] OpenJDK Runtime Environment 17.0.11+9
[2024-06-27 09:28:58] Product org.eclipse.products.epp.package.java.2024-06
[2024-06-27 09:28:58] Bundle org.eclipse.oomph.setup 1.29.0.v20240520-1504, build=606, branch=a943bade61cc9f456138d4af7f05fa7fde42835b
[2024-06-27 09:28:58] Bundle org.eclipse.oomph.setup.core 1.31.0.v20240420-0837, build=606, branch=a943bade61cc9f456138d4af7f05fa7fde42835b
[2024-06-27 09:28:58] Bundle org.eclipse.oomph.setup.p2 1.21.0.v20240420-0837, build=606, branch=a943bade61cc9f456138d4af7f05fa7fde42835b
[2024-06-27 09:28:58] Performing P2 Director (Eclipse IDE for Java Developers (2024-06) + JRE 22.0.1)
[2024-06-27 09:28:58] Offline = false
[2024-06-27 09:28:58] Mirrors = true
[2024-06-27 09:28:58] Resolving 27 requirements from 4 repositories to C:\Users\melon\eclipse\java-2024-06\eclipse
[2024-06-27 09:28:58] Requirement org.eclipse.equinox.p2.iu:org.eclipse.justj.openjdk.hotspot.jre.full.feature.group (filter=(|(&(osgi.arch=aarch64)(osgi.os=linux))(&(osgi.arch=aarch64)(osgi.os=macosx))(&(osgi.arch=ppc64le)(osgi.os=linux))(&(osgi.arch=x86_64)(osgi.os=linux))(&(osgi.arch=x86_64)(osgi.os=macosx))(&(osgi.arch=x86_64)(osgi.os=win32))))
[2024-06-27 09:28:58] Requirement org.eclipse.equinox.p2.iu:epp.package.java [4.32.0,5.0.0) (filter=(|(&(osgi.arch=aarch64)(osgi.os=linux)(osgi.ws=gtk))(&(osgi.arch=aarch64)(osgi.os=macosx)(osgi.ws=cocoa))(&(osgi.arch=x86_64)(osgi.os=linux)(osgi.ws=gtk))(&(osgi.arch=x86_64)(osgi.os=macosx)(osgi.ws=cocoa))(&(osgi.arch=x86_64)(osgi.os=win32)(osgi.ws=win32))))
[2024-06-27 09:28:58] Requirement org.eclipse.equinox.p2.iu:org.eclipse.platform.feature.group [4.32.0,5.0.0)
[2024-06-27 09:28:58] Requirement org.eclipse.equinox.p2.iu:org.eclipse.rcp.feature.group [4.32.0,5.0.0)
[2024-06-27 09:28:58] Requirement org.eclipse.equinox.p2.iu:org.eclipse.buildship.feature.group
[2024-06-27 09:28:58] Requirement org.eclipse.equinox.p2.iu:org.eclipse.eclemma.feature.feature.group
[2024-06-27 09:28:58] Requirement org.eclipse.equinox.p2.iu:org.eclipse.egit.feature.group
[2024-06-27 09:28:58] Requirement org.eclipse.equinox.p2.iu:org.eclipse.epp.mpc.feature.group
[2024-06-27 09:28:58] Requirement org.eclipse.equinox.p2.iu:org.eclipse.jdt.bcoview.feature.feature.group
[2024-06-27 09:28:58] Requirement org.eclipse.equinox.p2.iu:org.eclipse.jdt.feature.group
[2024-06-27 09:28:58] Requirement org.eclipse.equinox.p2.iu:org.eclipse.jgit.feature.group
[2024-06-27 09:28:58] Requirement org.eclipse.equinox.p2.iu:org.eclipse.m2e.feature.feature.group
[2024-06-27 09:28:58] Requirement org.eclipse.equinox.p2.iu:org.eclipse.m2e.lemminx.feature.feature.group
[2024-06-27 09:28:58] Requirement org.eclipse.equinox.p2.iu:org.eclipse.m2e.logback.feature.feature.group
[2024-06-27 09:28:58] Requirement org.eclipse.equinox.p2.iu:org.eclipse.mylyn.commons.activity.feature.feature.group
[2024-06-27 09:28:58] Requirement org.eclipse.equinox.p2.iu:org.eclipse.mylyn.egit.feature.feature.group
[2024-06-27 09:28:58] Requirement org.eclipse.equinox.p2.iu:org.eclipse.mylyn.git.feature.feature.group
[2024-06-27 09:28:58] Requirement org.eclipse.equinox.p2.iu:org.eclipse.mylyn.github.feature.feature.group
[2024-06-27 09:28:58] Requirement org.eclipse.equinox.p2.iu:org.eclipse.mylyn.ide.feature.feature.group
[2024-06-27 09:28:58] Requirement org.eclipse.equinox.p2.iu:org.eclipse.mylyn.jdt.feature.feature.group
[2024-06-27 09:28:58] Requirement org.eclipse.equinox.p2.iu:org.eclipse.mylyn.jenkins.feature.feature.group
[2024-06-27 09:28:58] Requirement org.eclipse.equinox.p2.iu:org.eclipse.mylyn.reviews.feature.feature.group
[2024-06-27 09:28:58] Requirement org.eclipse.equinox.p2.iu:org.eclipse.mylyn.wikitext.feature.feature.group
[2024-06-27 09:28:58] Requirement org.eclipse.equinox.p2.iu:org.eclipse.tips.feature.feature.group
[2024-06-27 09:28:58] Requirement org.eclipse.equinox.p2.iu:org.eclipse.tm.terminal.feature.feature.group
[2024-06-27 09:28:58] Requirement org.eclipse.equinox.p2.iu:org.eclipse.wildwebdeveloper.xml.feature.feature.group
[2024-06-27 09:28:58] Requirement org.eclipse.equinox.p2.iu:org.eclipse.oomph.setup.feature.group
[2024-06-27 09:28:58] Repository https://download.eclipse.org/justj/jres/22/updates/release/latest
[2024-06-27 09:28:58] Repository https://download.eclipse.org/technology/epp/packages/2024-06/202406061200
[2024-06-27 09:28:58] Repository https://download.eclipse.org/releases/2024-06/202406121000
[2024-06-27 09:28:58] Repository https://download.eclipse.org/oomph/updates/milestone/latest
[2024-06-27 09:29:04] Calculating requirements and dependencies.
[2024-06-27 09:29:08] Computing prerequisite plan
[2024-06-27 09:29:15] Collecting 3 artifacts from https://download.eclipse.org/justj/jres/22/updates/release/latest
[2024-06-27 09:29:17] Mirrored 3 artifacts from https://download.eclipse.org/justj/jres/22/updates/release/22.0.1/ at 0kb/s with 3 failures
[2024-06-27 09:29:17] Collected 3 artifacts for https://download.eclipse.org/justj/jres/22/updates/release/latest in 1.942s
[2024-06-27 09:29:17] Collecting 39 artifacts from https://download.eclipse.org/oomph/updates/milestone/latest
[2024-06-27 09:29:22] Mirrored 39 artifacts from https://download.eclipse.org/oomph/drops/release/1.33.0/ at 0kb/s with 39 failures
[2024-06-27 09:29:22] Collected 39 artifacts for https://download.eclipse.org/oomph/updates/milestone/latest in 4.694s
[2024-06-27 09:29:22] Collecting 580 artifacts from https://download.eclipse.org/releases/2024-06/202406121000
[2024-06-27 09:29:32] Fetching org.eclipse.e4.ui.bindings_0.14.400.v20240321-1245.jar from https://download.eclipse.org/releases/2024-06/202406121000/plugins/ (48.56kB)
[2024-06-27 09:29:32] Fetching org.eclipse.mylyn.wikitext.html_4.3.0.v20240602-0603.jar from https://download.eclipse.org/releases/2024-06/202406121000/plugins/ (48.85kB)
[2024-06-27 09:29:32] Fetching org.osgi.service.event_1.4.1.202109301733.jar from https://download.eclipse.org/releases/2024-06/202406121000/plugins/ (46.59kB)
[2024-06-27 09:29:32] Fetching org.eclipse.mylyn.wikitext.html_4.3.0.v20240602-0603.jar from https://download.eclipse.org/releases/2024-06/202406121000/plugins/ (48.85kB)
[2024-06-27 09:29:32] Fetching org.osgi.service.event_1.4.1.202109301733.jar from https://download.eclipse.org/releases/2024-06/202406121000/plugins/ (46.59kB)
[2024-06-27 09:29:32] Fetching org.eclipse.ui.net_1.5.400.v20240413-1529.jar from https://download.eclipse.org/releases/2024-06/202406121000/plugins/ (47.76kB)
[2024-06-27 09:29:32] Fetching org.eclipse.mylyn.wikitext.twiki_4.3.0.v20240602-0603.jar from https://download.eclipse.org/releases/2024-06/202406121000/plugins/ (48.4kB)
[2024-06-27 09:29:32] Fetching org.eclipse.equinox.p2.transport.ecf_1.4.300.v20240321-1450.jar from https://download.eclipse.org/releases/2024-06/202406121000/plugins/ (48.16kB)
[2024-06-27 09:29:32] Fetching org.eclipse.equinox.launcher_1.6.800.v20240513-1750.jar from https://download.eclipse.org/releases/2024-06/202406121000/plugins/ (47.16kB)
[2024-06-27 09:29:32] Fetching org.eclipse.equinox.p2.transport.ecf_1.4.300.v20240321-1450.jar from https://download.eclipse.org/releases/2024-06/202406121000/plugins/ (48.16kB)
[2024-06-27 09:29:32] Fetching org.eclipse.equinox.launcher_1.6.800.v20240513-1750.jar from https://download.eclipse.org/releases/2024-06/202406121000/plugins/ (47.16kB)
[2024-06-27 09:29:32] Fetching org.eclipse.mylyn.wikitext.ant_4.3.0.v20240602-0603.jar from https://download.eclipse.org/releases/2024-06/202406121000/plugins/ (47.92kB)
[2024-06-27 09:29:32] Fetching org.eclipse.mylyn.commons.identity.core_4.3.0.v20240602-0603.jar from https://download.eclipse.org/releases/2024-06/202406121000/plugins/ (48.5kB)
[2024-06-27 09:29:32] Fetching org.eclipse.mylyn.wikitext.ant_4.3.0.v20240602-0603.jar from https://download.eclipse.org/releases/2024-06/202406121000/plugins/ (47.92kB)
[2024-06-27 09:29:32] Fetching org.eclipse.mylyn.commons.identity.core_4.3.0.v20240602-0603.jar from https://download.eclipse.org/releases/2024-06/202406121000/plugins/ (48.5kB)
[2024-06-27 09:29:32] Fetching javax.annotation_1.3.5.v20200909-1856.jar from https://download.eclipse.org/releases/2024-06/202406121000/plugins/ (46.27kB)
[2024-06-27 09:29:33] Fetching org.eclipse.core.net_1.5.400.v20240413-1529.jar from https://download.eclipse.org/releases/2024-06/202406121000/plugins/ (49.82kB)
[2024-06-27 09:29:34] Fetching org.eclipse.equinox.p2.reconciler.dropins_1.5.400.v20240321-1450.jar from https://download.eclipse.org/releases/2024-06/202406121000/plugins/ (52.2kB)
[2024-06-27 09:29:34] Fetching org.eclipse.oomph.workingsets_1.14.0.v20230617-1322.jar from https://download.eclipse.org/releases/2024-06/202406121000/plugins/ (49.86kB)
[2024-06-27 09:29:34] Fetching org.eclipse.wst.common.uriresolver_1.4.0.v202308161955.jar from https://download.eclipse.org/releases/2024-06/202406121000/plugins/ (50.33kB)
[2024-06-27 09:29:34] Fetching org.eclipse.mylyn.monitor.ui_4.3.0.v20240509-0539.jar from https://download.eclipse.org/releases/2024-06/202406121000/plugins/ (52.35kB)
[2024-06-27 09:29:34] Fetching org.eclipse.wst.common.environment_1.1.0.v202308161955.jar from https://download.eclipse.org/releases/2024-06/202406121000/plugins/ (52.65kB)
[2024-06-27 09:29:34] Fetching org.objectweb.asm.tree_9.7.0.jar from https://download.eclipse.org/releases/2024-06/202406121000/plugins/ (50.72kB)
[2024-06-27 09:29:34] Fetching org.eclipse.equinox.http.registry_1.4.100.v20240321-1445.jar from https://download.eclipse.org/releases/2024-06/202406121000/plugins/ (49.97kB)
[2024-06-27 09:29:34] Fetching org.objectweb.asm.tree_9.7.0.jar from https://download.eclipse.org/releases/2024-06/202406121000/plugins/ (50.72kB)
[2024-06-27 09:29:34] Fetching org.eclipse.mylyn.commons.repositories.core_4.3.0.v20240602-0603.jar from https://download.eclipse.org/releases/2024-06/202406121000/plugins/ (52.03kB)
[2024-06-27 09:29:34] Fetching org.eclipse.equinox.bidi_1.5.100.v20240321-1445.jar from https://download.eclipse.org/releases/2024-06/202406121000/plugins/ (52.96kB)
[2024-06-27 09:29:35] Fetching org.eclipse.tips.ui_0.3.400.v20240413-1529.jar from https://download.eclipse.org/releases/2024-06/202406121000/plugins/ (53.8kB)
[2024-06-27 09:29:35] Fetching org.eclipse.tm.terminal.connector.telnet_4.8.100.202312281935.jar from https://download.eclipse.org/releases/2024-06/202406121000/plugins/ (53.84kB)
[2024-06-27 09:29:35] Fetching org.eclipse.ecf.filetransfer_5.1.103.v20230705-0614.jar from https://download.eclipse.org/releases/2024-06/202406121000/plugins/ (55.69kB)
[2024-06-27 09:29:36] Fetching org.eclipse.equinox.simpleconfigurator_1.5.300.v20240424-1301.jar from https://download.eclipse.org/releases/2024-06/202406121000/plugins/ (53.98kB)
[2024-06-27 09:29:36] Fetching org.osgi.service.cm_1.6.1.202109301733.jar from https://download.eclipse.org/releases/2024-06/202406121000/plugins/ (54.28kB)
[2024-06-27 09:29:36] Fetching org.eclipse.urischeme_1.3.300.v20240424-0956.jar from https://download.eclipse.org/releases/2024-06/202406121000/plugins/ (55.24kB)
[2024-06-27 09:29:36] Fetching org.eclipse.e4.emf.xpath_0.4.300.v20240321-1245.jar from https://download.eclipse.org/releases/2024-06/202406121000/plugins/ (54kB)
[2024-06-27 09:29:36] Fetching org.eclipse.oomph.setup.p2_1.21.0.v20240420-0837.jar from https://download.eclipse.org/releases/2024-06/202406121000/plugins/ (54.22kB)
[2024-06-27 09:29:36] Fetching org.eclipse.oomph.p2.edit_1.17.0.v20230204-0932.jar from https://download.eclipse.org/releases/2024-06/202406121000/plugins/ (55.81kB)
[2024-06-27 09:29:36] Fetching org.eclipse.e4.core.contexts_1.12.600.v20240413-1529.jar from https://download.eclipse.org/releases/2024-06/202406121000/plugins/ (56.73kB)
[2024-06-27 09:29:36] Fetching org.eclipse.oomph.jreinfo.ui_1.16.0.v20240520-1504.jar from https://download.eclipse.org/releases/2024-06/202406121000/plugins/ (58.04kB)
[2024-06-27 09:29:37] Fetching org.eclipse.ecf.discovery_5.2.0.v20231021-2050.jar from https://download.eclipse.org/releases/2024-06/202406121000/plugins/ (56.21kB)
[2024-06-27 09:29:37] Fetching org.apache.felix.gogo.shell_1.1.4.jar from https://download.eclipse.org/releases/2024-06/202406121000/plugins/ (57.69kB)
[2024-06-27 09:29:37] Fetching org.eclipse.userstorage.oauth_1.1.0.v20190307-0457.jar from https://download.eclipse.org/releases/2024-06/202406121000/plugins/ (58.26kB)
[2024-06-27 09:29:37] Fetching org.eclipse.e4.ui.dialogs_1.5.0.v20240424-0957.jar from https://download.eclipse.org/releases/2024-06/202406121000/plugins/ (58.88kB)
[2024-06-27 09:29:37] Fetching org.eclipse.search.core_3.16.200.v20240502-1134.jar from https://download.eclipse.org/releases/2024-06/202406121000/plugins/ (59.91kB)
[2024-06-27 09:29:37] Fetching org.eclipse.oomph.predicates.edit_1.15.0.v20230416-0642.jar from https://download.eclipse.org/releases/2024-06/202406121000/plugins/ (59.99kB)
[2024-06-27 09:29:37] Fetching org.eclipse.jdt.junit.runtime_3.7.400.v20231214-1952.jar from https://download.eclipse.org/releases/2024-06/202406121000/plugins/ (59.13kB)
[2024-06-27 09:29:37] Fetching org.eclipse.equinox.p2.discovery.compatibility_1.3.300.v20240417-0757.jar from https://download.eclipse.org/releases/2024-06/202406121000/plugins/ (61.59kB)
[2024-06-27 09:29:37] Fetching org.eclipse.core.resources.win32.x86_64_3.5.500.v20220812-1420.jar from https://download.eclipse.org/releases/2024-06/202406121000/plugins/ (59.56kB)
[2024-06-27 09:29:38] Fetching org.eclipse.mylyn.commons.notifications.ui_4.3.0.v20240602-0603.jar from https://download.eclipse.org/releases/2024-06/202406121000/plugins/ (62.59kB)
[2024-06-27 09:29:38] Fetching org.eclipse.wst.common.core_1.4.100.v202103232321.jar from https://download.eclipse.org/releases/2024-06/202406121000/plugins/ (61.73kB)
[2024-06-27 09:29:38] Fetching net.i2p.crypto.eddsa_0.3.0.jar from https://download.eclipse.org/releases/2024-06/202406121000/plugins/ (61.81kB)
[2024-06-27 09:29:38] Fetching org.eclipse.m2e.scm_2.0.202.20240411-1122.jar from https://download.eclipse.org/releases/2024-06/202406121000/plugins/ (62.57kB)
[2024-06-27 09:29:38] Fetching org.eclipse.tm.terminal.connector.ssh_4.8.300.202403071917.jar from https://download.eclipse.org/releases/2024-06/202406121000/plugins/ (63.6kB)
[2024-06-27 09:29:38] Fetching org.eclipse.e4.core.di_1.9.400.v20240414-1643.jar from https://download.eclipse.org/releases/2024-06/202406121000/plugins/ (63.06kB)
[2024-06-27 09:29:39] Fetching org.osgi.service.component_1.5.1.202212101352.jar from https://download.eclipse.org/releases/2024-06/202406121000/plugins/ (64.89kB)
[2024-06-27 09:29:39] Fetching junit-vintage-engine_5.10.2.jar from https://download.eclipse.org/releases/2024-06/202406121000/plugins/ (65.9kB)
[2024-06-27 09:29:39] Fetching slf4j.api_2.0.13.jar from https://download.eclipse.org/releases/2024-06/202406121000/plugins/ (67kB)
[2024-06-27 09:29:39] Fetching org.eclipse.ui.monitoring_1.3.300.v20240321-1245.jar from https://download.eclipse.org/releases/2024-06/202406121000/plugins/ (63.4kB)
[2024-06-27 09:29:39] Fetching org.eclipse.ecf.identity_3.10.0.v20230422-0242.jar from https://download.eclipse.org/releases/2024-06/202406121000/plugins/ (67.72kB)
[2024-06-27 09:29:39] Fetching org.eclipse.mylyn.wikitext.tracwiki_4.3.0.v20240602-0603.jar from https://download.eclipse.org/releases/2024-06/202406121000/plugins/ (65.17kB)
[2024-06-27 09:29:39] Fetching org.eclipse.equinox.p2.jarprocessor_1.3.400.v20240321-1450.jar from https://download.eclipse.org/releases/2024-06/202406121000/plugins/ (64.5kB)
[2024-06-27 09:29:39] Fetching org.eclipse.m2e.apt.core_2.2.202.20240411-1122.jar from https://download.eclipse.org/releases/2024-06/202406121000/plugins/ (66.19kB)
[2024-06-27 09:29:40] Fetching org.eclipse.mylyn.resources.ui_4.3.0.v20240509-0539.jar from https://download.eclipse.org/releases/2024-06/202406121000/plugins/ (67.73kB)
[2024-06-27 09:29:40] Fetching org.eclipse.equinox.p2.director.app_1.3.400.v20240425-1316.jar from https://download.eclipse.org/releases/2024-06/202406121000/plugins/ (68.8kB)
[2024-06-27 09:29:40] Fetching org.eclipse.oomph.base.edit_1.17.0.v20230617-1322.jar from https://download.eclipse.org/releases/2024-06/202406121000/plugins/ (68.99kB)
[2024-06-27 09:29:40] Fetching org.eclipse.mylyn.tasks.search_4.3.0.v20240509-0539.jar from https://download.eclipse.org/releases/2024-06/202406121000/plugins/ (70.03kB)
[2024-06-27 09:29:40] Fetching org.eclipse.jgit.gpg.bc_6.10.0.202406032230-r.jar from https://download.eclipse.org/releases/2024-06/202406121000/plugins/ (71.05kB)
[2024-06-27 09:29:40] Fetching org.eclipse.e4.core.services_2.4.400.v20240413-1529.jar from https://download.eclipse.org/releases/2024-06/202406121000/plugins/ (71.78kB)
[2024-06-27 09:29:41] Fetching org.eclipse.compare.core_3.8.500.v20240524-2010.jar from https://download.eclipse.org/releases/2024-06/202406121000/plugins/ (71.23kB)
[2024-06-27 09:29:41] Fetching org.apache.commons.logging_1.2.0.v20180409-1502.jar from https://download.eclipse.org/releases/2024-06/202406121000/plugins/ (71.45kB)
[2024-06-27 09:29:41] Fetching org.eclipse.oomph.p2_1.17.0.v20230617-1322.jar from https://download.eclipse.org/releases/2024-06/202406121000/plugins/ (71.33kB)
[2024-06-27 09:29:41] Fetching org.eclipse.cdt.core.native_6.3.400.202404270026.jar from https://download.eclipse.org/releases/2024-06/202406121000/plugins/ (71.69kB)
[2024-06-27 09:29:41] Fetching org.objectweb.asm.commons_9.7.0.jar from https://download.eclipse.org/releases/2024-06/202406121000/plugins/ (71.71kB)
[2024-06-27 09:29:41] Fetching org.apache.commons.cli_1.8.0.jar from https://download.eclipse.org/releases/2024-06/202406121000/plugins/ (71.87kB)
[2024-06-27 09:29:41] Fetching org.eclipse.oomph.predicates_1.17.0.v20230617-1322.jar from https://download.eclipse.org/releases/2024-06/202406121000/plugins/ (73.53kB)
[2024-06-27 09:29:41] Fetching org.eclipse.equinox.frameworkadmin.equinox_1.3.200.v20240321-1450.jar from https://download.eclipse.org/releases/2024-06/202406121000/plugins/ (72.55kB)
[2024-06-27 09:29:42] Fetching org.eclipse.oomph.base_1.18.0.v20230617-1322.jar from https://download.eclipse.org/releases/2024-06/202406121000/plugins/ (73.33kB)
[2024-06-27 09:29:42] Fetching org.eclipse.jetty.ee8.security_12.0.9.jar from https://download.eclipse.org/releases/2024-06/202406121000/plugins/ (74.31kB)
[2024-06-27 09:29:42] Fetching org.eclipse.core.filesystem_1.10.400.v20240426-1040.jar from https://download.eclipse.org/releases/2024-06/202406121000/plugins/ (73.51kB)
[2024-06-27 09:29:42] Fetching org.apache.xmlrpc.client_3.1.3.v20160817-1930.jar from https://download.eclipse.org/releases/2024-06/202406121000/plugins/ (73.89kB)
[2024-06-27 09:29:42] Fetching org.eclipse.mylyn.github.core_6.5.0.v20240509-0539.jar from https://download.eclipse.org/releases/2024-06/202406121000/plugins/ (77.99kB)
[2024-06-27 09:29:42] Fetching org.eclipse.nebula.widgets.tablecombo_1.2.0.202406021704.jar from https://download.eclipse.org/releases/2024-06/202406121000/plugins/ (74.02kB)
[2024-06-27 09:29:42] Fetching org.eclipse.jdt.apt.ui_3.8.400.v20240321-1252.jar from https://download.eclipse.org/releases/2024-06/202406121000/plugins/ (74.08kB)
[2024-06-27 09:29:43] Fetching org.eclipse.m2e.discovery_2.0.202.20240411-1122.jar from https://download.eclipse.org/releases/2024-06/202406121000/plugins/ (76.43kB)
[2024-06-27 09:29:43] Fetching org.eclipse.m2e.refactoring_2.0.303.20240411-1122.jar from https://download.eclipse.org/releases/2024-06/202406121000/plugins/ (77.27kB)
[2024-06-27 09:29:43] Fetching org.eclipse.equinox.p2.operations_2.7.400.v20240425-0751.jar from https://download.eclipse.org/releases/2024-06/202406121000/plugins/ (80.15kB)
[2024-06-27 09:29:43] Fetching org.eclipse.mylyn.wikitext.markdown_4.3.0.v20240602-0603.jar from https://download.eclipse.org/releases/2024-06/202406121000/plugins/ (81.67kB)
[2024-06-27 09:29:43] Fetching org.eclipse.mylyn.wikitext.mediawiki_4.3.0.v20240602-0603.jar from https://download.eclipse.org/releases/2024-06/202406121000/plugins/ (80.31kB)
[2024-06-27 09:29:43] Fetching org.eclipse.equinox.p2.ui.sdk_1.3.300.v20240207-1113.jar from https://download.eclipse.org/releases/2024-06/202406121000/plugins/ (80.71kB)
[2024-06-27 09:29:43] Fetching org.eclipse.core.runtime_3.31.100.v20240524-2010.jar from https://download.eclipse.org/releases/2024-06/202406121000/plugins/ (81.11kB)
[2024-06-27 09:29:44] Fetching com.ibm.icu_75.1.0.jar from https://download.eclipse.org/releases/2024-06/202406121000/plugins/ (13.65MB)
[2024-06-27 09:29:44] Fetching org.eclipse.equinox.p2.core_2.12.0.v20240515-1919.jar from https://download.eclipse.org/releases/2024-06/202406121000/plugins/ (81.24kB)
[2024-06-27 09:29:44] Fetching org.eclipse.wildwebdeveloper.xml_1.3.4.202405270639.jar from https://download.eclipse.org/releases/2024-06/202406121000/plugins/ (8.79MB)
[2024-06-27 09:29:44] Fetching org.eclipse.core.databinding.beans_1.10.300.v20240321-1245.jar from https://download.eclipse.org/releases/2024-06/202406121000/plugins/ (83.46kB)
[2024-06-27 09:29:44] Fetching org.osgi.util.promise_1.3.0.202212101352.jar from https://download.eclipse.org/releases/2024-06/202406121000/plugins/ (83.65kB)
[2024-06-27 09:29:44] Fetching org.eclipse.jdt.ui_3.32.100.v20240524-2038.jar from https://download.eclipse.org/releases/2024-06/202406121000/plugins/ (9.75MB)
[2024-06-27 09:29:45] Fetching com.ibm.icu_75.1.0.jar from https://download.eclipse.org/releases/2024-06/202406121000/plugins/
[2024-06-27 09:29:45] Fetching org.eclipse.jdt.doc.user_3.15.2200.v20240529-0958.jar from https://download.eclipse.org/releases/2024-06/202406121000/plugins/ (7.89MB)
[2024-06-27 09:29:45] Fetching bcprov_1.78.1.jar from https://download.eclipse.org/releases/2024-06/202406121000/plugins/ (7.94MB)
[2024-06-27 09:29:45] Fetching org.eclipse.wildwebdeveloper.xml_1.3.4.202405270639.jar from https://download.eclipse.org/releases/2024-06/202406121000/plugins/
[2024-06-27 09:29:46] Fetching org.eclipse.jdt.ui_3.32.100.v20240524-2038.jar from https://download.eclipse.org/releases/2024-06/202406121000/plugins/
[2024-06-27 09:29:46] Fetching org.eclipse.jdt.doc.user_3.15.2200.v20240529-0958.jar from https://download.eclipse.org/releases/2024-06/202406121000/plugins/
[2024-06-27 09:29:47] Fetching org.eclipse.jdt.core.manipulation_1.21.100.v20240524-2038.jar from https://download.eclipse.org/releases/2024-06/202406121000/plugins/ (4.14MB)
[2024-06-27 09:29:48] Fetching org.eclipse.m2e.maven.runtime_3.9.700.20240602-2313.jar from https://download.eclipse.org/releases/2024-06/202406121000/plugins/ (5.49MB)
[2024-06-27 09:29:48] Fetching org.eclipse.jdt.core.manipulation_1.21.100.v20240524-2038.jar from https://download.eclipse.org/releases/2024-06/202406121000/plugins/
[2024-06-27 09:29:48] Fetching org.apache.lucene.core_9.10.0.v20240221-0830.jar from https://download.eclipse.org/releases/2024-06/202406121000/plugins/ (4.07MB)
[2024-06-27 09:29:48] Fetching org.eclipse.egit.doc_6.10.0.202406032230-r.jar from https://download.eclipse.org/releases/2024-06/202406121000/plugins/ (5.1MB)
[2024-06-27 09:29:48] Fetching bcprov_1.78.1.jar from https://download.eclipse.org/releases/2024-06/202406121000/plugins/
[2024-06-27 09:29:49] Fetching org.eclipse.m2e.maven.runtime_3.9.700.20240602-2313.jar from https://download.eclipse.org/releases/2024-06/202406121000/plugins/
[2024-06-27 09:29:49] Fetching org.apache.lucene.core_9.10.0.v20240221-0830.jar from https://download.eclipse.org/releases/2024-06/202406121000/plugins/
[2024-06-27 09:29:50] Fetching org.eclipse.egit.doc_6.10.0.202406032230-r.jar from https://download.eclipse.org/releases/2024-06/202406121000/plugins/
[2024-06-27 09:29:50] Fetching org.eclipse.egit.ui_6.10.0.202406032230-r.jar from https://download.eclipse.org/releases/2024-06/202406121000/plugins/ (3.91MB)
[2024-06-27 09:29:50] Fetching org.eclipse.jdt.core_3.38.0.v20240528-0618.jar from https://download.eclipse.org/releases/2024-06/202406121000/plugins/ (4.11MB)
[2024-06-27 09:29:51] Fetching org.eclipse.egit.ui_6.10.0.202406032230-r.jar from https://download.eclipse.org/releases/2024-06/202406121000/plugins/
[2024-06-27 09:29:52] Fetching org.eclipse.jdt.core_3.38.0.v20240528-0618.jar from https://download.eclipse.org/releases/2024-06/202406121000/plugins/
[2024-06-27 09:29:52] Fetching org.eclipse.platform.doc.user_4.32.0.v20240529-0958.jar from https://download.eclipse.org/releases/2024-06/202406121000/plugins/ (3.55MB)
[2024-06-27 09:29:53] Fetching org.eclipse.platform.doc.user_4.32.0.v20240529-0958.jar from https://download.eclipse.org/releases/2024-06/202406121000/plugins/
[2024-06-27 09:29:54] Fetching org.eclipse.ui.workbench_3.132.0.v20240524-2010.jar from https://download.eclipse.org/releases/2024-06/202406121000/plugins/ (3.52MB)
[2024-06-27 09:29:55] Fetching org.apache.lucene.analysis-smartcn_9.10.0.v20240221-0830.jar from https://download.eclipse.org/releases/2024-06/202406121000/plugins/ (3.44MB)
[2024-06-27 09:29:55] Fetching org.eclipse.ui.workbench_3.132.0.v20240524-2010.jar from https://download.eclipse.org/releases/2024-06/202406121000/plugins/
[2024-06-27 09:29:56] Fetching org.apache.ant_1.10.14.v20230922-1200.jar from https://download.eclipse.org/releases/2024-06/202406121000/plugins/ (3.26MB)
[2024-06-27 09:29:56] Fetching org.apache.lucene.analysis-smartcn_9.10.0.v20240221-0830.jar from https://download.eclipse.org/releases/2024-06/202406121000/plugins/
[2024-06-27 09:29:57] Fetching org.apache.ant_1.10.14.v20230922-1200.jar from https://download.eclipse.org/releases/2024-06/202406121000/plugins/
[2024-06-27 09:29:57] Fetching org.eclipse.jdt.core.compiler.batch_3.38.0.v20240524-2033.jar from https://download.eclipse.org/releases/2024-06/202406121000/plugins/ (3.13MB)
[2024-06-27 09:29:58] Fetching org.eclipse.jdt.core.compiler.batch_3.38.0.v20240524-2033.jar from https://download.eclipse.org/releases/2024-06/202406121000/plugins/
[2024-06-27 09:29:58] Fetching org.eclipse.debug.ui_3.18.400.v20240516-0857.jar from https://download.eclipse.org/releases/2024-06/202406121000/plugins/ (3.06MB)
[2024-06-27 09:29:59] Fetching org.eclipse.jgit_6.10.0.202406032230-r.jar from https://download.eclipse.org/releases/2024-06/202406121000/plugins/ (3.05MB)
[2024-06-27 09:29:59] Fetching org.eclipse.debug.ui_3.18.400.v20240516-0857.jar from https://download.eclipse.org/releases/2024-06/202406121000/plugins/
[2024-06-27 09:29:59] Fetching com.google.guava_33.2.0.jre.jar from https://download.eclipse.org/releases/2024-06/202406121000/plugins/ (2.91MB)
[2024-06-27 09:30:00] Fetching org.eclipse.jgit_6.10.0.202406032230-r.jar from https://download.eclipse.org/releases/2024-06/202406121000/plugins/
[2024-06-27 09:30:00] Fetching org.gradle.toolingapi_8.1.1.v20240115-1636.jar from https://download.eclipse.org/releases/2024-06/202406121000/plugins/ (2.7MB)
[2024-06-27 09:29:50] Fetching org.eclipse.swt.win32.win32.x86_64_3.126.0.v20240528-0813.jar from https://download.eclipse.org/releases/2024-06/202406121000/plugins/ (2.59MB)
[2024-06-27 09:29:51] Fetching org.eclipse.oomph.setup.doc_1.14.0.v20230618-0610.jar from https://download.eclipse.org/releases/2024-06/202406121000/plugins/ (2.5MB)
[2024-06-27 09:29:51] Fetching org.eclipse.ui.ide_3.22.200.v20240524-2010.jar from https://download.eclipse.org/releases/2024-06/202406121000/plugins/ (2.32MB)
[2024-06-27 09:29:52] Fetching org.eclipse.swt.win32.win32.x86_64_3.126.0.v20240528-0813.jar from https://download.eclipse.org/releases/2024-06/202406121000/plugins/
[2024-06-27 09:29:52] Fetching org.eclipse.oomph.setup.doc_1.14.0.v20230618-0610.jar from https://download.eclipse.org/releases/2024-06/202406121000/plugins/
[2024-06-27 09:29:52] Fetching org.eclipse.mylyn.tasks.ui_4.3.0.v20240602-0603.jar from https://download.eclipse.org/releases/2024-06/202406121000/plugins/ (1.83MB)
[2024-06-27 09:29:52] Fetching org.eclipse.ui.intro.universal_3.5.400.v20240414-1916.jar from https://download.eclipse.org/releases/2024-06/202406121000/plugins/ (2.1MB)
[2024-06-27 09:29:53] Fetching org.apache.sshd.osgi_2.12.1.jar from https://download.eclipse.org/releases/2024-06/202406121000/plugins/ (1.75MB)
[2024-06-27 09:29:53] Fetching org.jcodings_1.0.58.v20230703-0749.jar from https://download.eclipse.org/releases/2024-06/202406121000/plugins/ (1.73MB)
[2024-06-27 09:29:53] Fetching org.eclipse.jdt.debug.ui_3.13.400.v20240516-0950.jar from https://download.eclipse.org/releases/2024-06/202406121000/plugins/ (1.67MB)
[2024-06-27 09:29:53] Fetching org.eclipse.ui.intro.universal_3.5.400.v20240414-1916.jar from https://download.eclipse.org/releases/2024-06/202406121000/plugins/
[2024-06-27 09:29:54] Fetching org.apache.lucene.analysis-common_9.10.0.v20240221-0830.jar from https://download.eclipse.org/releases/2024-06/202406121000/plugins/ (1.73MB)
[2024-06-27 09:29:54] Fetching com.sun.jna_5.14.0.v20231211-1200.jar from https://download.eclipse.org/releases/2024-06/202406121000/plugins/ (1.81MB)
[2024-06-27 09:29:54] Fetching org.apache.sshd.osgi_2.12.1.jar from https://download.eclipse.org/releases/2024-06/202406121000/plugins/
[2024-06-27 09:29:54] Fetching org.apache.xerces_2.12.2.v20230928-1306.jar from https://download.eclipse.org/releases/2024-06/202406121000/plugins/ (1.49MB)
[2024-06-27 09:29:54] Fetching org.eclipse.osgi_3.20.0.v20240509-1421.jar from https://download.eclipse.org/releases/2024-06/202406121000/plugins/ (1.48MB)
[2024-06-27 09:29:55] Fetching org.apache.lucene.analysis-common_9.10.0.v20240221-0830.jar from https://download.eclipse.org/releases/2024-06/202406121000/plugins/
[2024-06-27 09:29:55] Fetching com.sun.jna_5.14.0.v20231211-1200.jar from https://download.eclipse.org/releases/2024-06/202406121000/plugins/
[2024-06-27 09:29:55] Fetching org.apache.httpcomponents.httpclient_4.5.14.jar from https://download.eclipse.org/releases/2024-06/202406121000/plugins/ (1.31MB)
[2024-06-27 09:29:55] Fetching com.sun.jna.platform_5.14.0.jar from https://download.eclipse.org/releases/2024-06/202406121000/plugins/ (1.31MB)
[2024-06-27 09:29:55] Fetching org.eclipse.emf.ecore_2.36.0.v20240203-0859.jar from https://download.eclipse.org/releases/2024-06/202406121000/plugins/ (1.29MB)
[2024-06-27 09:29:55] Fetching org.eclipse.mylyn.wikitext.help.ui_4.3.0.v20240509-0539.jar from https://download.eclipse.org/releases/2024-06/202406121000/plugins/ (1.29MB)
[2024-06-27 09:29:55] Fetching org.eclipse.mylyn.help.ui_4.3.0.v20240602-0603.jar from https://download.eclipse.org/releases/2024-06/202406121000/plugins/ (1.22MB)
[2024-06-27 09:29:55] Fetching org.eclipse.osgi_3.20.0.v20240509-1421.jar from https://download.eclipse.org/releases/2024-06/202406121000/plugins/
[2024-06-27 09:29:56] Fetching org.eclipse.team.ui_3.10.400.v20240416-0654.jar from https://download.eclipse.org/releases/2024-06/202406121000/plugins/ (1.43MB)
[2024-06-27 09:29:56] Fetching org.apache.httpcomponents.httpclient_4.5.14.jar from https://download.eclipse.org/releases/2024-06/202406121000/plugins/
[2024-06-27 09:29:56] Fetching com.sun.jna.platform_5.14.0.jar from https://download.eclipse.org/releases/2024-06/202406121000/plugins/
[2024-06-27 09:29:56] Fetching com.sun.xml.bind_2.3.3.v20221203-1659.jar from https://download.eclipse.org/releases/2024-06/202406121000/plugins/ (1.16MB)
[2024-06-27 09:29:56] Fetching org.eclipse.jface_3.34.0.v20240502-1134.jar from https://download.eclipse.org/releases/2024-06/202406121000/plugins/ (1.14MB)
[2024-06-27 09:29:56] Fetching org.eclipse.mylyn.help.ui_4.3.0.v20240602-0603.jar from https://download.eclipse.org/releases/2024-06/202406121000/plugins/
[2024-06-27 09:29:57] Fetching org.eclipse.ant.ui_3.9.400.v20240419-1233.jar from https://download.eclipse.org/releases/2024-06/202406121000/plugins/ (1.05MB)
[2024-06-27 09:29:57] Fetching org.eclipse.jface.text_3.25.100.v20240524-2010.jar from https://download.eclipse.org/releases/2024-06/202406121000/plugins/ (1.01MB)
[2024-06-27 09:29:57] Fetching org.eclipse.team.ui_3.10.400.v20240416-0654.jar from https://download.eclipse.org/releases/2024-06/202406121000/plugins/
[2024-06-27 09:29:57] Fetching org.mortbay.jasper.apache-jsp_9.0.83.jar from https://download.eclipse.org/releases/2024-06/202406121000/plugins/ (1MB)
[2024-06-27 09:29:57] Fetching org.eclipse.jdt.debug_3.21.400.v20240418-1414.jar from https://download.eclipse.org/releases/2024-06/202406121000/plugins/ (929.79kB)
[2024-06-27 09:29:57] Fetching org.eclipse.core.resources_3.20.200.v20240513-1323.jar from https://download.eclipse.org/releases/2024-06/202406121000/plugins/ (929.47kB)
[2024-06-27 09:29:57] Fetching bcpkix_1.78.1.jar from https://download.eclipse.org/releases/2024-06/202406121000/plugins/ (1.07MB)
[2024-06-27 09:29:57] Fetching org.apache.commons.commons-compress_1.26.2.jar from https://download.eclipse.org/releases/2024-06/202406121000/plugins/ (1.03MB)
[2024-06-27 09:29:58] Fetching org.eclipse.tm4e.language_pack_0.12.0.202405210827.jar from https://download.eclipse.org/releases/2024-06/202406121000/plugins/ (917.57kB)
[2024-06-27 09:29:58] Fetching org.apache.httpcomponents.core5.httpcore5_5.2.3.v20230922-1600.jar from https://download.eclipse.org/releases/2024-06/202406121000/plugins/ (909.38kB)
[2024-06-27 09:29:58] Fetching org.apache.httpcomponents.client5.httpclient5_5.2.1.v20230802-0806.jar from https://download.eclipse.org/releases/2024-06/202406121000/plugins/ (881.43kB)
[2024-06-27 09:29:58] Fetching bcpkix_1.78.1.jar from https://download.eclipse.org/releases/2024-06/202406121000/plugins/
[2024-06-27 09:29:58] Fetching org.eclipse.wst.xml.core_1.2.900.v202405130132.jar from https://download.eclipse.org/releases/2024-06/202406121000/plugins/ (820.75kB)
[2024-06-27 09:29:58] Fetching org.eclipse.compare_3.11.0.v20240524-2010.jar from https://download.eclipse.org/releases/2024-06/202406121000/plugins/ (812.83kB)
[2024-06-27 09:29:59] Fetching org.eclipse.help.webapp_3.11.400.v20240508-1954.jar from https://download.eclipse.org/releases/2024-06/202406121000/plugins/ (747.69kB)
[2024-06-27 09:29:59] Fetching org.apache.commons.commons-compress_1.26.2.jar from https://download.eclipse.org/releases/2024-06/202406121000/plugins/
[2024-06-27 09:29:59] Fetching org.eclipse.m2e.core.ui_2.0.801.20240411-1122.jar from https://download.eclipse.org/releases/2024-06/202406121000/plugins/ (815.94kB)
[2024-06-27 09:29:59] Fetching org.eclipse.oomph.setup.ui_1.30.0.v20240602-1435.jar from https://download.eclipse.org/releases/2024-06/202406121000/plugins/ (800.62kB)
[2024-06-27 09:29:59] Fetching org.apache.xmlgraphics_2.9.0.v20230916-1600.jar from https://download.eclipse.org/releases/2024-06/202406121000/plugins/ (712.18kB)
[2024-06-27 09:29:59] Fetching org.eclipse.epp.mpc.help.ui_1.10.3.v20240221-1216.jar from https://download.eclipse.org/releases/2024-06/202406121000/plugins/ (751.67kB)
[2024-06-27 09:30:00] Fetching org.apache.commons.commons-collections4_4.4.0.jar from https://download.eclipse.org/releases/2024-06/202406121000/plugins/ (734.29kB)
[2024-06-27 09:30:00] Fetching org.eclipse.lsp4e_0.18.10.202405280703.jar from https://download.eclipse.org/releases/2024-06/202406121000/plugins/ (692.94kB)
[2024-06-27 09:30:00] Fetching org.apache.tika.core_2.9.2.jar from https://download.eclipse.org/releases/2024-06/202406121000/plugins/ (726.45kB)
[2024-06-27 09:30:00] Fetching org.eclipse.buildship.ui_3.1.9.v20240115-1636.jar from https://download.eclipse.org/releases/2024-06/202406121000/plugins/ (679.01kB)
[2024-06-27 09:30:00] Fetching org.eclipse.ui.workbench.texteditor_3.17.400.v20240524-2010.jar from https://download.eclipse.org/releases/2024-06/202406121000/plugins/ (714.9kB)
[2024-06-27 09:30:00] Fetching org.eclipse.m2e.core.ui_2.0.801.20240411-1122.jar from https://download.eclipse.org/releases/2024-06/202406121000/plugins/
[2024-06-27 09:30:00] Fetching bcutil_1.78.1.jar from https://download.eclipse.org/releases/2024-06/202406121000/plugins/ (688.61kB)
[2024-06-27 09:30:00] Fetching org.eclipse.oomph.setup.ui_1.30.0.v20240602-1435.jar from https://download.eclipse.org/releases/2024-06/202406121000/plugins/
[2024-06-27 09:30:01] Fetching org.apache.commons.commons-collections4_4.4.0.jar from https://download.eclipse.org/releases/2024-06/202406121000/plugins/
[2024-06-27 09:30:01] Fetching org.eclipse.lsp4e_0.18.10.202405280703.jar from https://download.eclipse.org/releases/2024-06/202406121000/plugins/
[2024-06-27 09:30:01] Fetching org.apache.tika.core_2.9.2.jar from https://download.eclipse.org/releases/2024-06/202406121000/plugins/
[2024-06-27 09:30:01] Fetching org.eclipse.ui.workbench.texteditor_3.17.400.v20240524-2010.jar from https://download.eclipse.org/releases/2024-06/202406121000/plugins/
[2024-06-27 09:30:01] Fetching bcutil_1.78.1.jar from https://download.eclipse.org/releases/2024-06/202406121000/plugins/
[2024-06-27 09:30:01] Fetching org.eclipse.equinox.p2.ui_2.8.400.v20240511-1722.jar from https://download.eclipse.org/releases/2024-06/202406121000/plugins/ (706.03kB)
[2024-06-27 09:30:01] Fetching org.eclipse.m2e.core_2.6.1.20240602-2342.jar from https://download.eclipse.org/releases/2024-06/202406121000/plugins/ (665.72kB)
[2024-06-27 09:30:02] Fetching org.eclipse.jetty.util_12.0.9.jar from https://download.eclipse.org/releases/2024-06/202406121000/plugins/ (645.68kB)
[2024-06-27 09:30:02] Fetching org.eclipse.cdt.core.win32.x86_64_11.6.0.202406041555.jar from https://download.eclipse.org/releases/2024-06/202406121000/plugins/ (642.38kB)
[2024-06-27 09:30:02] Fetching org.apache.commons.lang3_3.14.0.jar from https://download.eclipse.org/releases/2024-06/202406121000/plugins/ (642.53kB)
[2024-06-27 09:30:02] Fetching org.eclipse.egit.core_6.10.0.202406032230-r.jar from https://download.eclipse.org/releases/2024-06/202406121000/plugins/ (638.95kB)
[2024-06-27 09:30:02] Fetching org.eclipse.ui.editors_3.17.300.v20240524-2010.jar from https://download.eclipse.org/releases/2024-06/202406121000/plugins/ (617.14kB)
[2024-06-27 09:30:02] Fetching org.eclipse.equinox.p2.ui_2.8.400.v20240511-1722.jar from https://download.eclipse.org/releases/2024-06/202406121000/plugins/
[2024-06-27 09:30:02] Fetching org.eclipse.epp.mpc.ui_1.10.3.v20240228-1000.jar from https://download.eclipse.org/releases/2024-06/202406121000/plugins/ (608.55kB)
[2024-06-27 09:30:02] Fetching org.eclipse.lsp4j_0.23.1.v20240521-1815.jar from https://download.eclipse.org/releases/2024-06/202406121000/plugins/ (600.23kB)
[2024-06-27 09:30:03] Fetching org.eclipse.m2e.core_2.6.1.20240602-2342.jar from https://download.eclipse.org/releases/2024-06/202406121000/plugins/
[2024-06-27 09:30:03] Fetching org.eclipse.cdt.core.win32.x86_64_11.6.0.202406041555.jar from https://download.eclipse.org/releases/2024-06/202406121000/plugins/
[2024-06-27 09:30:03] Fetching org.eclipse.jetty.util_12.0.9.jar from https://download.eclipse.org/releases/2024-06/202406121000/plugins/
[2024-06-27 09:30:03] Fetching ch.qos.logback.core_1.5.6.jar from https://download.eclipse.org/releases/2024-06/202406121000/plugins/ (595.65kB)
[2024-06-27 09:30:03] Fetching org.apache.commons.lang3_3.14.0.jar from https://download.eclipse.org/releases/2024-06/202406121000/plugins/
[2024-06-27 09:30:04] Fetching org.eclipse.jdt.launching_3.22.0.v20240424-1830.jar from https://download.eclipse.org/releases/2024-06/202406121000/plugins/ (588.95kB)
[2024-06-27 09:30:04] Fetching org.eclipse.help.ui_4.7.0.v20240414-1916.jar from https://download.eclipse.org/releases/2024-06/202406121000/plugins/ (539.47kB)
[2024-06-27 09:30:04] Fetching org.eclipse.jdt.launching_3.22.0.v20240424-1830.jar from https://download.eclipse.org/releases/2024-06/202406121000/plugins/ (588.95kB)
[2024-06-27 09:30:04] Fetching ch.qos.logback.core_1.5.6.jar from https://download.eclipse.org/releases/2024-06/202406121000/plugins/
[2024-06-27 09:30:04] Fetching org.eclipse.platform_4.32.0.v20240601-0610.jar from https://download.eclipse.org/releases/2024-06/202406121000/plugins/ (575.42kB)
[2024-06-27 09:30:04] Fetching junit-jupiter-params_5.10.2.jar from https://download.eclipse.org/releases/2024-06/202406121000/plugins/ (572.29kB)
[2024-06-27 09:30:04] Fetching org.eclipse.jetty.server_12.0.9.jar from https://download.eclipse.org/releases/2024-06/202406121000/plugins/ (573.88kB)
[2024-06-27 09:30:04] Fetching org.eclipse.oomph.setup.editor_1.27.0.v20231119-1528.jar from https://download.eclipse.org/releases/2024-06/202406121000/plugins/ (508.78kB)
[2024-06-27 09:30:04] Fetching org.eclipse.jdt.junit_3.16.400.v20240524-2038.jar from https://download.eclipse.org/releases/2024-06/202406121000/plugins/ (555.84kB)
[2024-06-27 09:30:04] Fetching org.apache.lucene.queries_9.10.0.v20240221-0830.jar from https://download.eclipse.org/releases/2024-06/202406121000/plugins/ (546.1kB)
[2024-06-27 09:30:04] Fetching org.eclipse.buildship.core_3.1.9.v20240115-1636.jar from https://download.eclipse.org/releases/2024-06/202406121000/plugins/ (538.23kB)
[2024-06-27 09:30:05] Fetching org.eclipse.jdt.launching_3.22.0.v20240424-1830.jar from https://download.eclipse.org/releases/2024-06/202406121000/plugins/
[2024-06-27 09:30:05] Fetching org.apache.commons.commons-io_2.16.1.jar from https://download.eclipse.org/releases/2024-06/202406121000/plugins/ (496.9kB)
[2024-06-27 09:30:05] Fetching org.eclipse.platform_4.32.0.v20240601-0610.jar from https://download.eclipse.org/releases/2024-06/202406121000/plugins/
[2024-06-27 09:30:05] Fetching org.apache.commons.commons-io_2.16.1.jar from https://download.eclipse.org/releases/2024-06/202406121000/plugins/ (496.9kB)
[2024-06-27 09:30:05] Fetching junit-jupiter-params_5.10.2.jar from https://download.eclipse.org/releases/2024-06/202406121000/plugins/
[2024-06-27 09:30:05] Fetching org.eclipse.jetty.server_12.0.9.jar from https://download.eclipse.org/releases/2024-06/202406121000/plugins/
[2024-06-27 09:30:05] Fetching org.eclipse.jdt.junit_3.16.400.v20240524-2038.jar from https://download.eclipse.org/releases/2024-06/202406121000/plugins/
[2024-06-27 09:30:06] Fetching org.apache.lucene.queryparser_9.10.0.v20240221-0830.jar from https://download.eclipse.org/releases/2024-06/202406121000/plugins/ (447.84kB)
[2024-06-27 09:30:06] Fetching org.eclipse.mylyn.wikitext.ui_4.3.0.v20240509-0539.jar from https://download.eclipse.org/releases/2024-06/202406121000/plugins/ (446.84kB)
[2024-06-27 09:30:06] Fetching org.eclipse.wst.sse.core_1.2.1400.v202405130132.jar from https://download.eclipse.org/releases/2024-06/202406121000/plugins/ (480.62kB)
[2024-06-27 09:30:06] Fetching org.apache.commons.commons-io_2.16.1.jar from https://download.eclipse.org/releases/2024-06/202406121000/plugins/
[2024-06-27 09:30:06] Fetching org.eclipse.wst.sse.core_1.2.1400.v202405130132.jar from https://download.eclipse.org/releases/2024-06/202406121000/plugins/ (480.62kB)
[2024-06-27 09:30:06] Fetching org.eclipse.mylyn.tasks.core_4.3.0.v20240509-0539.jar from https://download.eclipse.org/releases/2024-06/202406121000/plugins/ (470.82kB)
[2024-06-27 09:30:06] Fetching org.eclipse.ltk.ui.refactoring_3.13.400.v20240321-1245.jar from https://download.eclipse.org/releases/2024-06/202406121000/plugins/ (471.48kB)
[2024-06-27 09:30:06] Fetching org.eclipse.mylyn.tasks.core_4.3.0.v20240509-0539.jar from https://download.eclipse.org/releases/2024-06/202406121000/plugins/ (470.82kB)
[2024-06-27 09:30:06] Fetching org.eclipse.ltk.ui.refactoring_3.13.400.v20240321-1245.jar from https://download.eclipse.org/releases/2024-06/202406121000/plugins/ (471.48kB)
[2024-06-27 09:30:06] Fetching bcpg_1.78.1.jar from https://download.eclipse.org/releases/2024-06/202406121000/plugins/ (465.68kB)
[2024-06-27 09:30:07] Fetching org.eclipse.search_3.16.200.v20240426-0859.jar from https://download.eclipse.org/releases/2024-06/202406121000/plugins/ (465.5kB)
[2024-06-27 09:30:07] Fetching org.eclipse.help.base_4.4.400.v20240601-0610.jar from https://download.eclipse.org/releases/2024-06/202406121000/plugins/ (443.61kB)
[2024-06-27 09:30:07] Fetching org.jsoup_1.17.2.jar from https://download.eclipse.org/releases/2024-06/202406121000/plugins/ (435.26kB)
[2024-06-27 09:30:07] Fetching org.apache.lucene.queryparser_9.10.0.v20240221-0830.jar from https://download.eclipse.org/releases/2024-06/202406121000/plugins/
[2024-06-27 09:30:07] Fetching org.eclipse.mylyn.wikitext.ui_4.3.0.v20240509-0539.jar from https://download.eclipse.org/releases/2024-06/202406121000/plugins/
[2024-06-27 09:30:07] Fetching org.eclipse.ui_3.206.0.v20240524-2010.jar from https://download.eclipse.org/releases/2024-06/202406121000/plugins/ (435.62kB)
[2024-06-27 09:30:08] Fetching org.sat4j.pb_2.3.6.v20201214.jar from https://download.eclipse.org/releases/2024-06/202406121000/plugins/ (432.64kB)
[2024-06-27 09:30:08] Fetching org.eclipse.ui.navigator_3.12.400.v20240424-0956.jar from https://download.eclipse.org/releases/2024-06/202406121000/plugins/ (429.7kB)
[2024-06-27 09:30:08] Fetching org.eclipse.m2e.model.edit_2.0.500.20240417-1957.jar from https://download.eclipse.org/releases/2024-06/202406121000/plugins/ (424.3kB)
[2024-06-27 09:30:08] Fetching org.sat4j.core_2.3.6.v20201214.jar from https://download.eclipse.org/releases/2024-06/202406121000/plugins/ (429.55kB)
[2024-06-27 09:30:08] Fetching org.junit_4.13.2.v20230809-1000.jar from https://download.eclipse.org/releases/2024-06/202406121000/plugins/ (414.97kB)
[2024-06-27 09:30:09] Fetching org.eclipse.jetty.ee8.server_12.0.9.jar from https://download.eclipse.org/releases/2024-06/202406121000/plugins/ (423.61kB)
[2024-06-27 09:30:09] Fetching org.eclipse.oomph.p2.core_1.29.0.v20240520-1504.jar from https://download.eclipse.org/releases/2024-06/202406121000/plugins/ (420.94kB)
[2024-06-27 09:30:09] Fetching org.eclipse.oomph.ui_1.22.0.v20240520-1504.jar from https://download.eclipse.org/releases/2024-06/202406121000/plugins/ (406.86kB)
[2024-06-27 09:30:09] Fetching org.eclipse.team.core_3.10.400.v20240413-1529.jar from https://download.eclipse.org/releases/2024-06/202406121000/plugins/ (405.35kB)
[2024-06-27 09:30:09] Fetching org.eclipse.ui.navigator_3.12.400.v20240424-0956.jar from https://download.eclipse.org/releases/2024-06/202406121000/plugins/
[2024-06-27 09:30:09] Fetching org.sat4j.core_2.3.6.v20201214.jar from https://download.eclipse.org/releases/2024-06/202406121000/plugins/
[2024-06-27 09:30:10] Fetching org.eclipse.m2e.editor_2.0.401.20240411-1122.jar from https://download.eclipse.org/releases/2024-06/202406121000/plugins/ (403.18kB)
[2024-06-27 09:30:10] Fetching org.eclipse.debug.core_3.21.400.v20240415-0528.jar from https://download.eclipse.org/releases/2024-06/202406121000/plugins/ (402.75kB)
[2024-06-27 09:30:10] Fetching org.eclipse.jdt.apt.core_3.8.400.v20240326-0804.jar from https://download.eclipse.org/releases/2024-06/202406121000/plugins/ (399.79kB)
[2024-06-27 09:30:10] Fetching org.eclipse.jetty.http_12.0.9.jar from https://download.eclipse.org/releases/2024-06/202406121000/plugins/ (399.46kB)
[2024-06-27 09:30:11] Fetching org.eclipse.e4.ui.model.workbench_2.4.300.v20240321-1245.jar from https://download.eclipse.org/releases/2024-06/202406121000/plugins/ (396.75kB)
[2024-06-27 09:30:11] Fetching org.eclipse.m2e.editor_2.0.401.20240411-1122.jar from https://download.eclipse.org/releases/2024-06/202406121000/plugins/
[2024-06-27 09:30:11] Fetching org.eclipse.debug.core_3.21.400.v20240415-0528.jar from https://download.eclipse.org/releases/2024-06/202406121000/plugins/
[2024-06-27 09:30:11] Fetching org.eclipse.ui.cheatsheets_3.8.400.v20240414-1916.jar from https://download.eclipse.org/releases/2024-06/202406121000/plugins/ (389.01kB)
[2024-06-27 09:30:11] Fetching org.eclipse.oomph.p2.ui_1.22.0.v20240510-1552.jar from https://download.eclipse.org/releases/2024-06/202406121000/plugins/ (382.3kB)
[2024-06-27 09:30:12] Fetching org.eclipse.jetty.http_12.0.9.jar from https://download.eclipse.org/releases/2024-06/202406121000/plugins/
[2024-06-27 09:30:12] Fetching org.eclipse.jdt.apt.core_3.8.400.v20240326-0804.jar from https://download.eclipse.org/releases/2024-06/202406121000/plugins/
[2024-06-27 09:30:12] Fetching org.eclipse.emf.common_2.30.0.v20240314-0928.jar from https://download.eclipse.org/releases/2024-06/202406121000/plugins/ (381.31kB)
[2024-06-27 09:30:12] Fetching org.apache.felix.scr_2.2.10.jar from https://download.eclipse.org/releases/2024-06/202406121000/plugins/ (394.12kB)
[2024-06-27 09:30:12] Fetching org.eclipse.ui.cheatsheets_3.8.400.v20240414-1916.jar from https://download.eclipse.org/releases/2024-06/202406121000/plugins/
[2024-06-27 09:30:12] Fetching org.apache.sshd.sftp_2.12.1.jar from https://download.eclipse.org/releases/2024-06/202406121000/plugins/ (371.16kB)
[2024-06-27 09:30:12] Fetching org.eclipse.oomph.p2.ui_1.22.0.v20240510-1552.jar from https://download.eclipse.org/releases/2024-06/202406121000/plugins/
[2024-06-27 09:30:13] Fetching org.eclipse.emf.common_2.30.0.v20240314-0928.jar from https://download.eclipse.org/releases/2024-06/202406121000/plugins/
[2024-06-27 09:30:13] Fetching org.eclipse.mylyn.wikitext_4.3.0.v20240602-0603.jar from https://download.eclipse.org/releases/2024-06/202406121000/plugins/ (371.03kB)
[2024-06-27 09:30:13] Fetching org.eclipse.equinox.p2.metadata_2.9.100.v20240416-0654.jar from https://download.eclipse.org/releases/2024-06/202406121000/plugins/ (369.6kB)
[2024-06-27 09:30:13] Fetching org.apache.felix.scr_2.2.10.jar from https://download.eclipse.org/releases/2024-06/202406121000/plugins/
[2024-06-27 09:30:14] Fetching org.eclipse.oomph.setup_1.29.0.v20240520-1504.jar from https://download.eclipse.org/releases/2024-06/202406121000/plugins/ (366.87kB)
[2024-06-27 09:30:14] Fetching org.eclipse.equinox.p2.metadata_2.9.100.v20240416-0654.jar from https://download.eclipse.org/releases/2024-06/202406121000/plugins/
[2024-06-27 09:30:14] Fetching org.apache.batik.css_1.17.0.v20231215-1130.jar from https://download.eclipse.org/releases/2024-06/202406121000/plugins/ (356.1kB)
[2024-06-27 09:30:14] Fetching org.apache.httpcomponents.httpcore_4.4.16.v20221207-1049.jar from https://download.eclipse.org/releases/2024-06/202406121000/plugins/ (356.05kB)
[2024-06-27 09:30:15] Fetching org.eclipse.emf.edit.ui_2.23.0.v20230211-1150.jar from https://download.eclipse.org/releases/2024-06/202406121000/plugins/ (353.35kB)
[2024-06-27 09:30:15] Fetching org.apache.batik.css_1.17.0.v20231215-1130.jar from https://download.eclipse.org/releases/2024-06/202406121000/plugins/
[2024-06-27 09:30:15] Fetching org.apache.commons.commons-codec_1.16.0.jar from https://download.eclipse.org/releases/2024-06/202406121000/plugins/ (352.28kB)
[2024-06-27 09:30:15] Fetching org.eclipse.ui.intro_3.7.400.v20240414-0828.jar from https://download.eclipse.org/releases/2024-06/202406121000/plugins/ (349.97kB)
[2024-06-27 09:30:16] Fetching org.eclipse.text_3.14.100.v20240524-2010.jar from https://download.eclipse.org/releases/2024-06/202406121000/plugins/ (352.35kB)
[2024-06-27 09:30:16] Fetching org.jdom2_2.0.6.v20230720-0727.jar from https://download.eclipse.org/releases/2024-06/202406121000/plugins/ (349.79kB)
[2024-06-27 09:30:16] Fetching org.eclipse.ui.intro_3.7.400.v20240414-0828.jar from https://download.eclipse.org/releases/2024-06/202406121000/plugins/
[2024-06-27 09:30:17] Fetching org.eclipse.ltk.core.refactoring_3.14.400.v20240321-1245.jar from https://download.eclipse.org/releases/2024-06/202406121000/plugins/ (346.38kB)
[2024-06-27 09:30:17] Fetching org.eclipse.oomph.setup.core_1.31.0.v20240420-0837.jar from https://download.eclipse.org/releases/2024-06/202406121000/plugins/ (343.28kB)
[2024-06-27 09:30:17] Fetching org.eclipse.mylyn.builds.ui_4.3.0.v20240509-0539.jar from https://download.eclipse.org/releases/2024-06/202406121000/plugins/ (342.55kB)
[2024-06-27 09:30:17] Fetching org.eclipse.tips.ide_0.3.400.v20240413-1529.jar from https://download.eclipse.org/releases/2024-06/202406121000/plugins/ (332kB)
[2024-06-27 09:30:17] Fetching org.eclipse.oomph.setup.ui.questionnaire_1.13.0.v20220421-1218.jar from https://download.eclipse.org/releases/2024-06/202406121000/plugins/ (340.56kB)
[2024-06-27 09:30:17] Fetching org.eclipse.ui.forms_3.13.300.v20240424-0956.jar from https://download.eclipse.org/releases/2024-06/202406121000/plugins/ (333.53kB)
[2024-06-27 09:30:18] Fetching org.eclipse.ltk.core.refactoring_3.14.400.v20240321-1245.jar from https://download.eclipse.org/releases/2024-06/202406121000/plugins/
[2024-06-27 09:30:18] Fetching org.apache.commons.httpclient_3.1.0.v20240401-1000.jar from https://download.eclipse.org/releases/2024-06/202406121000/plugins/ (323.54kB)
[2024-06-27 09:30:18] Fetching org.eclipse.mylyn.builds.ui_4.3.0.v20240509-0539.jar from https://download.eclipse.org/releases/2024-06/202406121000/plugins/
[2024-06-27 09:30:18] Fetching org.eclipse.oomph.setup.core_1.31.0.v20240420-0837.jar from https://download.eclipse.org/releases/2024-06/202406121000/plugins/
[2024-06-27 09:30:18] Fetching org.apache.commons.jxpath_1.3.0.v200911051830.jar from https://download.eclipse.org/releases/2024-06/202406121000/plugins/ (317.8kB)
[2024-06-27 09:30:18] Fetching org.eclipse.oomph.p2.doc_1.14.0.v20230625-0755.jar from https://download.eclipse.org/releases/2024-06/202406121000/plugins/ (318.21kB)
[2024-06-27 09:30:18] Fetching org.eclipse.tips.ide_0.3.400.v20240413-1529.jar from https://download.eclipse.org/releases/2024-06/202406121000/plugins/
[2024-06-27 09:30:18] Fetching org.eclipse.oomph.setup.ui.questionnaire_1.13.0.v20220421-1218.jar from https://download.eclipse.org/releases/2024-06/202406121000/plugins/
[2024-06-27 09:30:19] Fetching org.eclipse.ui.forms_3.13.300.v20240424-0956.jar from https://download.eclipse.org/releases/2024-06/202406121000/plugins/
[2024-06-27 09:30:19] Fetching org.apache.commons.httpclient_3.1.0.v20240401-1000.jar from https://download.eclipse.org/releases/2024-06/202406121000/plugins/
[2024-06-27 09:30:20] Fetching org.eclipse.core.databinding.observable_1.13.300.v20240424-0444.jar from https://download.eclipse.org/releases/2024-06/202406121000/plugins/ (315.34kB)
[2024-06-27 09:30:20] Fetching org.eclipse.mylyn.commons.ui_4.3.0.v20240602-0603.jar from https://download.eclipse.org/releases/2024-06/202406121000/plugins/ (311.64kB)
[2024-06-27 09:30:20] Fetching org.eclipse.eclemma.ui_3.1.9.202405260028.jar from https://download.eclipse.org/releases/2024-06/202406121000/plugins/ (310.93kB)
[2024-06-27 09:30:20] Mirrored 424 artifacts from https://download.eclipse.org/releases/2024-06/202406121000/ at 408kb/s with 215 failures
[2024-06-27 09:30:20] Collected 580 artifacts for https://download.eclipse.org/releases/2024-06/202406121000 in 58.196s
[2024-06-27 09:30:20] The engine operation was cancelled and the changes are being rolled back.
[2024-06-27 09:30:20] 
[2024-06-27 09:30:22] Executing bootstrap tasks
[2024-06-27 09:30:22] OpenJDK Runtime Environment 17.0.11+9
[2024-06-27 09:30:22] Product org.eclipse.products.epp.package.java.2024-06
[2024-06-27 09:30:22] Bundle org.eclipse.oomph.setup 1.29.0.v20240520-1504, build=606, branch=a943bade61cc9f456138d4af7f05fa7fde42835b
[2024-06-27 09:30:22] Bundle org.eclipse.oomph.setup.core 1.31.0.v20240420-0837, build=606, branch=a943bade61cc9f456138d4af7f05fa7fde42835b
[2024-06-27 09:30:22] Bundle org.eclipse.oomph.setup.p2 1.21.0.v20240420-0837, build=606, branch=a943bade61cc9f456138d4af7f05fa7fde42835b
[2024-06-27 09:30:22] Performing P2 Director (Eclipse IDE for Java Developers (2024-06) + JRE 22.0.1)
[2024-06-27 09:30:22] Offline = false
[2024-06-27 09:30:22] Mirrors = true
[2024-06-27 09:30:22] Resolving 27 requirements from 4 repositories to C:\Users\melon\eclipse\java-2024-06\eclipse
[2024-06-27 09:30:22] Requirement org.eclipse.equinox.p2.iu:org.eclipse.justj.openjdk.hotspot.jre.full.feature.group (filter=(|(&(osgi.arch=aarch64)(osgi.os=linux))(&(osgi.arch=aarch64)(osgi.os=macosx))(&(osgi.arch=ppc64le)(osgi.os=linux))(&(osgi.arch=x86_64)(osgi.os=linux))(&(osgi.arch=x86_64)(osgi.os=macosx))(&(osgi.arch=x86_64)(osgi.os=win32))))
[2024-06-27 09:30:22] Requirement org.eclipse.equinox.p2.iu:epp.package.java [4.32.0,5.0.0) (filter=(|(&(osgi.arch=aarch64)(osgi.os=linux)(osgi.ws=gtk))(&(osgi.arch=aarch64)(osgi.os=macosx)(osgi.ws=cocoa))(&(osgi.arch=x86_64)(osgi.os=linux)(osgi.ws=gtk))(&(osgi.arch=x86_64)(osgi.os=macosx)(osgi.ws=cocoa))(&(osgi.arch=x86_64)(osgi.os=win32)(osgi.ws=win32))))
[2024-06-27 09:30:22] Requirement org.eclipse.equinox.p2.iu:org.eclipse.platform.feature.group [4.32.0,5.0.0)
[2024-06-27 09:30:22] Requirement org.eclipse.equinox.p2.iu:org.eclipse.rcp.feature.group [4.32.0,5.0.0)
[2024-06-27 09:30:22] Requirement org.eclipse.equinox.p2.iu:org.eclipse.buildship.feature.group
[2024-06-27 09:30:22] Requirement org.eclipse.equinox.p2.iu:org.eclipse.eclemma.feature.feature.group
[2024-06-27 09:30:22] Requirement org.eclipse.equinox.p2.iu:org.eclipse.egit.feature.group
[2024-06-27 09:30:22] Requirement org.eclipse.equinox.p2.iu:org.eclipse.epp.mpc.feature.group
[2024-06-27 09:30:22] Requirement org.eclipse.equinox.p2.iu:org.eclipse.jdt.bcoview.feature.feature.group
[2024-06-27 09:30:22] Requirement org.eclipse.equinox.p2.iu:org.eclipse.jdt.feature.group
[2024-06-27 09:30:22] Requirement org.eclipse.equinox.p2.iu:org.eclipse.jgit.feature.group
[2024-06-27 09:30:22] Requirement org.eclipse.equinox.p2.iu:org.eclipse.m2e.feature.feature.group
[2024-06-27 09:30:22] Requirement org.eclipse.equinox.p2.iu:org.eclipse.m2e.lemminx.feature.feature.group
[2024-06-27 09:30:22] Requirement org.eclipse.equinox.p2.iu:org.eclipse.m2e.logback.feature.feature.group
[2024-06-27 09:30:22] Requirement org.eclipse.equinox.p2.iu:org.eclipse.mylyn.commons.activity.feature.feature.group
[2024-06-27 09:30:22] Requirement org.eclipse.equinox.p2.iu:org.eclipse.mylyn.egit.feature.feature.group
[2024-06-27 09:30:22] Requirement org.eclipse.equinox.p2.iu:org.eclipse.mylyn.git.feature.feature.group
[2024-06-27 09:30:22] Requirement org.eclipse.equinox.p2.iu:org.eclipse.mylyn.github.feature.feature.group
[2024-06-27 09:30:22] Requirement org.eclipse.equinox.p2.iu:org.eclipse.mylyn.ide.feature.feature.group
[2024-06-27 09:30:22] Requirement org.eclipse.equinox.p2.iu:org.eclipse.mylyn.jdt.feature.feature.group
[2024-06-27 09:30:22] Requirement org.eclipse.equinox.p2.iu:org.eclipse.mylyn.jenkins.feature.feature.group
[2024-06-27 09:30:22] Requirement org.eclipse.equinox.p2.iu:org.eclipse.mylyn.reviews.feature.feature.group
[2024-06-27 09:30:22] Requirement org.eclipse.equinox.p2.iu:org.eclipse.mylyn.wikitext.feature.feature.group
[2024-06-27 09:30:22] Requirement org.eclipse.equinox.p2.iu:org.eclipse.tips.feature.feature.group
[2024-06-27 09:30:22] Requirement org.eclipse.equinox.p2.iu:org.eclipse.tm.terminal.feature.feature.group
[2024-06-27 09:30:22] Requirement org.eclipse.equinox.p2.iu:org.eclipse.wildwebdeveloper.xml.feature.feature.group
[2024-06-27 09:30:22] Requirement org.eclipse.equinox.p2.iu:org.eclipse.oomph.setup.feature.group
[2024-06-27 09:30:22] Repository https://download.eclipse.org/justj/jres/22/updates/release/latest
[2024-06-27 09:30:22] Repository https://download.eclipse.org/technology/epp/packages/2024-06/202406061200
[2024-06-27 09:30:22] Repository https://download.eclipse.org/releases/2024-06/202406121000
[2024-06-27 09:30:22] Repository https://download.eclipse.org/oomph/updates/milestone/latest
[2024-06-27 09:30:25] Calculating requirements and dependencies.
[2024-06-27 09:30:26] Computing prerequisite plan
[2024-06-27 09:30:28] Collecting 3 artifacts from https://download.eclipse.org/justj/jres/22/updates/release/latest
[2024-06-27 09:30:29] Fetching org.eclipse.justj.openjdk.hotspot.jre.full_22.0.1.v20240426-1149.jar from https://mirror.kakao.com/eclipse/justj/jres/22/updates/release/22.0.1/plugins/ (20.06kB)
[2024-06-27 09:30:30] Fetching org.eclipse.justj.openjdk.hotspot.jre.full.win32.x86_64_22.0.1.v20240426-1149.jar from https://ftp.yz.yamagata-u.ac.jp/pub/eclipse//justj/jres/22/updates/release/22.0.1/plugins/ (120.31MB)
[2024-06-27 09:30:30] Fetching org.eclipse.justj.openjdk.hotspot.jre.full_22.0.1.v20240426-1149.jar from https://ftp.yz.yamagata-u.ac.jp/pub/eclipse/justj/jres/22/updates/release/22.0.1/features/ (23.35kB)
[2024-06-27 09:30:31] Fetching org.eclipse.justj.openjdk.hotspot.jre.full.win32.x86_64_22.0.1.v20240426-1149.jar from https://ftp.yz.yamagata-u.ac.jp/pub/eclipse//justj/jres/22/updates/release/22.0.1/plugins/
[2024-06-27 09:32:24] Fetching org.eclipse.justj.openjdk.hotspot.jre.full.win32.x86_64_22.0.1.v20240426-1149.jar from https://ftp.yz.yamagata-u.ac.jp/pub/eclipse//justj/jres/22/updates/release/22.0.1/plugins/ (120.31MB)
[2024-06-27 09:35:46] Fetching org.eclipse.justj.openjdk.hotspot.jre.full.win32.x86_64_22.0.1.v20240426-1149.jar from https://mirror.library.ucy.ac.cy/eclipse/justj/jres/22/updates/release/22.0.1/plugins/ (120.31MB)
[2024-06-27 09:35:47] Fetching org.eclipse.justj.openjdk.hotspot.jre.full.win32.x86_64_22.0.1.v20240426-1149.jar from https://mirror.library.ucy.ac.cy/eclipse/justj/jres/22/updates/release/22.0.1/plugins/
[2024-06-27 09:45:38] Mirrored 1 artifacts from https://mirror.kakao.com/eclipse/justj/jres/22/updates/release/22.0.1/ at 228kb/s
[2024-06-27 09:45:38] Mirrored 1 artifacts from https://mirror.library.ucy.ac.cy/eclipse/justj/jres/22/updates/release/22.0.1/ at 218kb/s
[2024-06-27 09:45:38] Mirrored 1 artifacts from https://ftp.yz.yamagata-u.ac.jp/pub/eclipse/justj/jres/22/updates/release/22.0.1/ at 31kb/s
[2024-06-27 09:45:38] Mirrored 1 artifacts from https://ftp.yz.yamagata-u.ac.jp/pub/eclipse//justj/jres/22/updates/release/22.0.1/ at 0kb/s with 1 failures
[2024-06-27 09:45:38] Collected 3 artifacts for https://download.eclipse.org/justj/jres/22/updates/release/latest in 909.898s
[2024-06-27 09:45:38] Collecting 16 artifacts from https://download.eclipse.org/oomph/updates/milestone/latest
[2024-06-27 09:45:39] Fetching org.eclipse.oomph.setup_1.32.0.v20240602-1435.jar from https://mirror.kakao.com/eclipse/oomph/drops/release/1.33.0/features/ (22.35kB)
[2024-06-27 09:45:40] Fetching org.eclipse.oomph.extractor.lib_1.9.0.v20220421-1218.jar from https://ftp.yz.yamagata-u.ac.jp/pub/eclipse//oomph/drops/release/1.33.0/plugins/ (27.27kB)
[2024-06-27 09:45:40] Fetching org.eclipse.oomph.p2_1.30.0.v20240520-1504.jar from https://ftp.yz.yamagata-u.ac.jp/pub/eclipse/oomph/drops/release/1.33.0/features/ (22.3kB)
[2024-06-27 09:45:40] Fetching org.eclipse.oomph.extractor.lib_1.9.0.v20220421-1218.jar from https://ftp.yz.yamagata-u.ac.jp/pub/eclipse//oomph/drops/release/1.33.0/plugins/ (27.27kB)
[2024-06-27 09:45:40] Fetching org.eclipse.oomph.p2_1.30.0.v20240520-1504.jar from https://ftp.yz.yamagata-u.ac.jp/pub/eclipse/oomph/drops/release/1.33.0/features/ (22.3kB)
[2024-06-27 09:45:40] Fetching org.eclipse.oomph.setup.p2.edit_1.16.0.v20230617-1322.jar from https://eclipse.mirror.rafal.ca/oomph/drops/release/1.33.0/plugins/ (28.72kB)
[2024-06-27 09:45:40] Fetching org.eclipse.oomph.resources.edit_1.14.0.v20240130-1324.jar from https://mirrors.xmission.com/eclipse/oomph/drops/release/1.33.0/plugins/ (34.48kB)
[2024-06-27 09:45:40] Fetching org.eclipse.oomph.jreinfo_1.19.0.v20240520-1504.jar from https://ftp2.osuosl.org/pub/eclipse/oomph/drops/release/1.33.0/plugins/ (45.05kB)
[2024-06-27 09:45:41] Fetching org.eclipse.oomph.setup.ui.questionnaire_1.13.0.v20220421-1218.jar from https://mirror.clarkson.edu/eclipse/oomph/drops/release/1.33.0/plugins/ (340.56kB)
[2024-06-27 09:45:41] Fetching org.eclipse.oomph.setup.core_1.31.0.v20240520-1504.jar from https://mirror.library.ucy.ac.cy/eclipse/oomph/drops/release/1.33.0/features/ (22.41kB)
[2024-06-27 09:45:41] Fetching org.eclipse.oomph.setup.edit_1.17.0.v20231119-1528.jar from https://mirror.kakao.com/eclipse/oomph/drops/release/1.33.0/plugins/ (183.07kB)
[2024-06-27 09:45:41] Fetching org.eclipse.oomph.resources_1.20.0.v20240130-1324.jar from https://mirror.kakao.com/eclipse/oomph/drops/release/1.33.0/plugins/ (127.79kB)
[2024-06-27 09:45:41] Fetching org.eclipse.oomph.setup.core_1.31.0.v20240420-0837.jar from https://mirror.umd.edu/eclipse/oomph/drops/release/1.33.0/plugins/ (343.28kB)
[2024-06-27 09:45:41] Fetching org.eclipse.oomph.workingsets.editor_1.16.0.v20240510-1552.jar from https://mirror.kakao.com/eclipse/oomph/drops/release/1.33.0/plugins/ (118.31kB)
[2024-06-27 09:45:41] Fetching org.eclipse.oomph.preferences_1.14.0.v20230617-1322.jar from https://mirror.kakao.com/eclipse/oomph/drops/release/1.33.0/plugins/ (90.7kB)
[2024-06-27 09:45:41] Fetching org.eclipse.oomph.setup.core_1.31.0.v20240520-1504.jar from https://mirror.library.ucy.ac.cy/eclipse/oomph/drops/release/1.33.0/features/ (22.41kB)
[2024-06-27 09:45:41] Fetching org.eclipse.oomph.preferences_1.14.0.v20230617-1322.jar from https://mirror.kakao.com/eclipse/oomph/drops/release/1.33.0/plugins/ (90.7kB)
[2024-06-27 09:45:41] Fetching org.eclipse.oomph.setup.sync_1.17.0.v20240317-0755.jar from https://mirror.kakao.com/eclipse/oomph/drops/release/1.33.0/plugins/ (107.2kB)
[2024-06-27 09:45:43] Fetching org.eclipse.oomph.setup.core_1.31.0.v20240420-0837.jar from https://mirror.umd.edu/eclipse/oomph/drops/release/1.33.0/plugins/
[2024-06-27 09:45:43] Fetching org.eclipse.oomph.util_1.22.0.v20240520-1504.jar from https://download.eclipse.org/oomph/drops/release/1.33.0/plugins/ (236.72kB)
[2024-06-27 09:45:44] Fetching org.eclipse.oomph.util_1.22.0.v20240520-1504.jar from https://download.eclipse.org/oomph/drops/release/1.33.0/plugins/
[2024-06-27 09:45:46] Fetching org.eclipse.oomph.workingsets.edit_1.13.0.v20230204-0932.jar from https://ftp.jaist.ac.jp/pub/eclipse/oomph/drops/release/1.33.0/plugins/ (40.09kB)
[2024-06-27 09:45:47] Mirrored 6 artifacts from https://mirror.kakao.com/eclipse/oomph/drops/release/1.33.0/ at 861kb/s
[2024-06-27 09:45:47] Mirrored 1 artifacts from https://mirror.clarkson.edu/eclipse/oomph/drops/release/1.33.0/ at 180kb/s
[2024-06-27 09:45:47] Mirrored 1 artifacts from https://mirror.umd.edu/eclipse/oomph/drops/release/1.33.0/ at 70kb/s
[2024-06-27 09:45:47] Mirrored 1 artifacts from https://download.eclipse.org/oomph/drops/release/1.33.0/ at 42kb/s
[2024-06-27 09:45:47] Mirrored 1 artifacts from https://ftp2.osuosl.org/pub/eclipse/oomph/drops/release/1.33.0/ at 32kb/s
[2024-06-27 09:45:47] Mirrored 1 artifacts from https://mirrors.xmission.com/eclipse/oomph/drops/release/1.33.0/ at 31kb/s
[2024-06-27 09:45:47] Mirrored 1 artifacts from https://ftp.yz.yamagata-u.ac.jp/pub/eclipse//oomph/drops/release/1.33.0/ at 30kb/s
[2024-06-27 09:45:47] Mirrored 1 artifacts from https://eclipse.mirror.rafal.ca/oomph/drops/release/1.33.0/ at 27kb/s
[2024-06-27 09:45:47] Mirrored 1 artifacts from https://ftp.yz.yamagata-u.ac.jp/pub/eclipse/oomph/drops/release/1.33.0/ at 24kb/s
[2024-06-27 09:45:47] Mirrored 1 artifacts from https://mirror.library.ucy.ac.cy/eclipse/oomph/drops/release/1.33.0/ at 13kb/s
[2024-06-27 09:45:47] Mirrored 1 artifacts from https://ftp.jaist.ac.jp/pub/eclipse/oomph/drops/release/1.33.0/ at 5kb/s
[2024-06-27 09:45:47] Collected 16 artifacts for https://download.eclipse.org/oomph/updates/milestone/latest in 8.649s
[2024-06-27 09:45:47] Collecting 355 artifacts from https://download.eclipse.org/releases/2024-06/202406121000
[2024-06-27 09:45:48] Fetching org.eclipse.platform_root_4.32.0.v20240601-0610 from https://mirror.kakao.com/eclipse/releases/2024-06/202406121000/binary/ (196B)
[2024-06-27 09:45:48] Fetching com.google.guava.failureaccess_1.0.2.jar from https://ftp.yz.yamagata-u.ac.jp/pub/eclipse//releases/2024-06/202406121000/plugins/ (4.63kB)
[2024-06-27 09:45:48] Fetching org.hamcrest.core_2.2.0.v20230809-1000.jar from https://mirrors.xmission.com/eclipse/releases/2024-06/202406121000/plugins/ (9.19kB)
[2024-06-27 09:45:48] Fetching jakarta.inject.jakarta.inject-api_2.0.1.jar from https://ftp2.osuosl.org/pub/eclipse/releases/2024-06/202406121000/plugins/ (10.43kB)
[2024-06-27 09:45:48] Fetching org.eclipse.e4.core.di.extensions_0.18.300.v20240413-1529.jar from https://ftp.yz.yamagata-u.ac.jp/pub/eclipse/releases/2024-06/202406121000/plugins/ (12.96kB)
[2024-06-27 09:45:49] Fetching org.eclipse.e4.ui.swt.win32_1.2.300.v20240416-0658.jar from https://ftp.jaist.ac.jp/pub/eclipse/releases/2024-06/202406121000/plugins/ (12.16kB)
[2024-06-27 09:45:49] Fetching org.eclipse.equinox.http.service.api_1.2.2.v20231218-2126.jar from https://eclipse.mirror.rafal.ca/releases/2024-06/202406121000/plugins/ (13.09kB)
[2024-06-27 09:45:49] Fetching org.eclipse.e4.ui.swt.win32_1.2.300.v20240416-0658.jar from https://ftp.jaist.ac.jp/pub/eclipse/releases/2024-06/202406121000/plugins/ (12.16kB)
[2024-06-27 09:45:49] Fetching jakarta.inject.jakarta.inject-api_1.0.5.jar from https://mirror.clarkson.edu/eclipse/releases/2024-06/202406121000/plugins/ (10.61kB)
[2024-06-27 09:45:49] Fetching org.apiguardian.api_1.1.2.jar from https://mirror.umd.edu/eclipse/releases/2024-06/202406121000/plugins/ (6.65kB)
[2024-06-27 09:45:49] Fetching org.eclipse.e4.ui.ide_3.17.200.v20231201-1637.jar from https://ftp.yz.yamagata-u.ac.jp/pub/eclipse/releases/2024-06/202406121000/plugins/ (13.28kB)
[2024-06-27 09:45:49] Fetching org.eclipse.mylyn.wikitext.twiki.ui_4.3.0.v20240509-0539.jar from https://ftp.yz.yamagata-u.ac.jp/pub/eclipse/releases/2024-06/202406121000/plugins/ (13.54kB)
[2024-06-27 09:45:49] Fetching org.eclipse.mylyn.wikitext.markdown.ui_4.3.0.v20240601-0538.jar from https://download.eclipse.org/releases/2024-06/202406121000/plugins/ (13.24kB)
[2024-06-27 09:45:49] Fetching org.osgi.service.provisioning_1.2.0.201505202024.jar from https://ftp.yz.yamagata-u.ac.jp/pub/eclipse/releases/2024-06/202406121000/plugins/ (13.38kB)
[2024-06-27 09:45:49] Fetching org.eclipse.ecf.provider.filetransfer.ssl_1.1.0.v20230422-0242.jar from https://mirror.library.ucy.ac.cy/eclipse/releases/2024-06/202406121000/plugins/ (11.58kB)
[2024-06-27 09:45:49] Fetching org.eclipse.mylyn.wikitext.tracwiki.ui_4.3.0.v20240509-0539.jar from https://ftp.yz.yamagata-u.ac.jp/pub/eclipse/releases/2024-06/202406121000/plugins/ (13.67kB)
[2024-06-27 09:45:50] Fetching org.eclipse.rcp_4.32.0.v20240601-0610.jar from https://ftp.yz.yamagata-u.ac.jp/pub/eclipse/releases/2024-06/202406121000/plugins/ (14.27kB)
[2024-06-27 09:45:50] Fetching org.eclipse.e4.core.di.annotations_1.8.400.v20240413-1529.jar from https://ftp.yz.yamagata-u.ac.jp/pub/eclipse/releases/2024-06/202406121000/plugins/ (13.82kB)
[2024-06-27 09:45:50] Fetching org.eclipse.mylyn.wikitext.asciidoc.ui_4.3.0.v20240601-0538.jar from https://ftp.yz.yamagata-u.ac.jp/pub/eclipse/releases/2024-06/202406121000/plugins/ (13.67kB)
[2024-06-27 09:45:50] Fetching org.osgi.util.position_1.0.1.201505202026.jar from https://ftp.yz.yamagata-u.ac.jp/pub/eclipse/releases/2024-06/202406121000/plugins/ (13.73kB)
[2024-06-27 09:45:50] Fetching org.opentest4j_1.3.0.jar from https://ftp2.osuosl.org/pub/eclipse/releases/2024-06/202406121000/plugins/ (13.97kB)
[2024-06-27 09:45:50] Fetching org.eclipse.epp.mpc.core.win32_1.10.3.v20240221-1216.jar from https://ftp.yz.yamagata-u.ac.jp/pub/eclipse/releases/2024-06/202406121000/plugins/ (14.47kB)
[2024-06-27 09:45:50] Fetching org.eclipse.equinox.jsp.jasper.registry_1.3.0.v20240213-1427.jar from https://ftp2.osuosl.org/pub/eclipse/releases/2024-06/202406121000/plugins/ (14.39kB)
[2024-06-27 09:45:50] Fetching org.eclipse.osgi.util_3.7.300.v20231104-1118.jar from https://ftp2.osuosl.org/pub/eclipse/releases/2024-06/202406121000/plugins/ (14.42kB)
[2024-06-27 09:45:50] Fetching org.eclipse.jdt.core.formatterapp_1.2.250.v20240311-0615.jar from https://ftp.yz.yamagata-u.ac.jp/pub/eclipse/releases/2024-06/202406121000/plugins/ (14.44kB)
[2024-06-27 09:45:50] Fetching org.eclipse.egit_6.10.0.202406032230-r.jar from https://ftp.yz.yamagata-u.ac.jp/pub/eclipse/releases/2024-06/202406121000/plugins/ (14.52kB)
[2024-06-27 09:45:50] Fetching org.eclipse.mylyn.wikitext.mediawiki.ui_4.3.0.v20240509-0539.jar from https://ftp.yz.yamagata-u.ac.jp/pub/eclipse/releases/2024-06/202406121000/plugins/ (14.69kB)
[2024-06-27 09:45:51] Fetching org.eclipse.mylyn.wikitext.confluence.ui_4.3.0.v20240509-0539.jar from https://ftp2.osuosl.org/pub/eclipse/releases/2024-06/202406121000/plugins/ (14.95kB)
[2024-06-27 09:45:51] Fetching org.eclipse.equinox.security.win32_1.3.0.v20240419-2334.jar from https://ftp.yz.yamagata-u.ac.jp/pub/eclipse/releases/2024-06/202406121000/plugins/ (15.11kB)
[2024-06-27 09:45:51] Fetching org.eclipse.m2e.workspace.cli_0.3.1.jar from https://ftp2.osuosl.org/pub/eclipse/releases/2024-06/202406121000/plugins/ (15.56kB)
[2024-06-27 09:45:51] Fetching org.eclipse.mylyn.wikitext.textile.ui_4.3.0.v20240509-0539.jar from https://ftp.yz.yamagata-u.ac.jp/pub/eclipse/releases/2024-06/202406121000/plugins/ (15.52kB)
[2024-06-27 09:45:51] Fetching org.eclipse.m2e.sourcelookup_2.0.301.20231030-1438.jar from https://ftp.yz.yamagata-u.ac.jp/pub/eclipse/releases/2024-06/202406121000/plugins/ (15.31kB)
[2024-06-27 09:45:51] Fetching org.eclipse.mylyn.wikitext.textile.ui_4.3.0.v20240509-0539.jar from https://ftp.yz.yamagata-u.ac.jp/pub/eclipse/releases/2024-06/202406121000/plugins/ (15.52kB)
[2024-06-27 09:45:51] Fetching org.eclipse.m2e.sourcelookup_2.0.301.20231030-1438.jar from https://ftp.yz.yamagata-u.ac.jp/pub/eclipse/releases/2024-06/202406121000/plugins/ (15.31kB)
[2024-06-27 09:45:51] Fetching org.eclipse.e4.ui.widgets_1.4.100.v20231201-1637.jar from https://ftp.yz.yamagata-u.ac.jp/pub/eclipse/releases/2024-06/202406121000/plugins/ (15.11kB)
[2024-06-27 09:45:51] Fetching junit-platform-runner_1.10.2.jar from https://ftp.yz.yamagata-u.ac.jp/pub/eclipse/releases/2024-06/202406121000/plugins/ (16.19kB)
[2024-06-27 09:45:51] Fetching org.apache.batik.constants_1.17.0.v20231215-1130.jar from https://ftp2.osuosl.org/pub/eclipse/releases/2024-06/202406121000/plugins/ (16.48kB)
[2024-06-27 09:45:52] Fetching org.eclipse.jdt.annotation_1.2.100.v20240212-1051.jar from https://ftp.yz.yamagata-u.ac.jp/pub/eclipse/releases/2024-06/202406121000/plugins/ (16.9kB)
[2024-06-27 09:45:52] Fetching junit-platform-suite-commons_1.10.2.jar from https://ftp.yz.yamagata-u.ac.jp/pub/eclipse/releases/2024-06/202406121000/plugins/ (16.92kB)
[2024-06-27 09:45:52] Fetching org.eclipse.mylyn.versions.ui_4.3.0.v20240509-0539.jar from https://ftp2.osuosl.org/pub/eclipse/releases/2024-06/202406121000/plugins/ (16.79kB)
[2024-06-27 09:45:52] Fetching org.eclipse.cdt.core.win32_6.1.100.202402230238.jar from https://ftp2.osuosl.org/pub/eclipse/releases/2024-06/202406121000/plugins/ (16.63kB)
[2024-06-27 09:45:52] Fetching org.eclipse.mylyn.versions.ui_4.3.0.v20240509-0539.jar from https://ftp2.osuosl.org/pub/eclipse/releases/2024-06/202406121000/plugins/ (16.79kB)
[2024-06-27 09:45:52] Fetching org.eclipse.cdt.core.win32_6.1.100.202402230238.jar from https://ftp2.osuosl.org/pub/eclipse/releases/2024-06/202406121000/plugins/ (16.63kB)
[2024-06-27 09:45:52] Fetching org.eclipse.mylyn.wikitext.osgi_4.3.0.v20240509-0539.jar from https://ftp2.osuosl.org/pub/eclipse/releases/2024-06/202406121000/plugins/ (16.8kB)
[2024-06-27 09:45:52] Fetching org.eclipse.buildship.branding_3.1.9.v20240115-1636.jar from https://ftp.yz.yamagata-u.ac.jp/pub/eclipse/releases/2024-06/202406121000/plugins/ (17.43kB)
[2024-06-27 09:45:52] Fetching org.eclipse.buildship.compat_3.1.9.v20240115-1636.jar from https://ftp.yz.yamagata-u.ac.jp/pub/eclipse/releases/2024-06/202406121000/plugins/ (16.94kB)
[2024-06-27 09:45:52] Fetching org.eclipse.jgit_6.10.0.202406032230-r.jar from https://ftp2.osuosl.org/pub/eclipse/releases/2024-06/202406121000/features/ (17.52kB)
[2024-06-27 09:45:52] Fetching org.eclipse.mylyn.tasks.activity.ui_4.3.0.v20240509-0539.jar from https://ftp.yz.yamagata-u.ac.jp/pub/eclipse/releases/2024-06/202406121000/plugins/ (17.13kB)
[2024-06-27 09:45:52] Fetching org.eclipse.mylyn.commons.notifications.core_4.3.0.v20240509-0539.jar from https://ftp.yz.yamagata-u.ac.jp/pub/eclipse/releases/2024-06/202406121000/plugins/ (17.41kB)
[2024-06-27 09:45:52] Fetching org.eclipse.jgit.http.apache_6.10.0.202406032230-r.jar from https://ftp.yz.yamagata-u.ac.jp/pub/eclipse/releases/2024-06/202406121000/features/ (17.56kB)
[2024-06-27 09:45:52] Fetching org.eclipse.jgit.ssh.apache_6.10.0.202406032230-r.jar from https://ftp2.osuosl.org/pub/eclipse/releases/2024-06/202406121000/features/ (17.57kB)
[2024-06-27 09:45:53] Fetching org.eclipse.jgit.gpg.bc_6.10.0.202406032230-r.jar from https://ftp2.osuosl.org/pub/eclipse/releases/2024-06/202406121000/features/ (17.55kB)
[2024-06-27 09:45:53] Fetching org.eclipse.userstorage_1.2.0.v20210517-0327.jar from https://ftp.yz.yamagata-u.ac.jp/pub/eclipse/releases/2024-06/202406121000/features/ (19kB)
[2024-06-27 09:45:53] Fetching org.eclipse.e4.ui.di_1.5.400.v20240321-1245.jar from https://ftp2.osuosl.org/pub/eclipse/releases/2024-06/202406121000/plugins/ (18.22kB)
[2024-06-27 09:45:53] Fetching org.eclipse.team.genericeditor.diff.extension_1.2.400.v20240413-1529.jar from https://ftp2.osuosl.org/pub/eclipse/releases/2024-06/202406121000/plugins/ (18.14kB)
[2024-06-27 09:45:53] Fetching org.osgi.util.xml_1.0.2.202109301733.jar from https://ftp.yz.yamagata-u.ac.jp/pub/eclipse/releases/2024-06/202406121000/plugins/ (18.3kB)
[2024-06-27 09:45:53] Fetching org.eclipse.ecf.ssl_1.3.0.v20230507-1921.jar from https://ftp.yz.yamagata-u.ac.jp/pub/eclipse/releases/2024-06/202406121000/plugins/ (19.13kB)
[2024-06-27 09:45:53] Fetching org.eclipse.m2e.binaryproject.ui_2.0.200.20231030-1438.jar from https://ftp2.osuosl.org/pub/eclipse/releases/2024-06/202406121000/plugins/ (18.89kB)
[2024-06-27 09:45:53] Fetching org.eclipse.m2e.archetype.catalog_3.2.1.2.jar from https://ftp.yz.yamagata-u.ac.jp/pub/eclipse/releases/2024-06/202406121000/plugins/ (19.15kB)
[2024-06-27 09:45:53] Fetching org.eclipse.swt_3.126.0.v20240528-0813.jar from https://ftp.yz.yamagata-u.ac.jp/pub/eclipse/releases/2024-06/202406121000/plugins/ (19.78kB)
[2024-06-27 09:45:53] Fetching org.apache.batik.i18n_1.17.0.v20231215-1130.jar from https://ftp.yz.yamagata-u.ac.jp/pub/eclipse/releases/2024-06/202406121000/plugins/ (19.7kB)
[2024-06-27 09:45:53] Fetching org.eclipse.rcp_root_4.32.0.v20240601-0610 from https://ftp2.osuosl.org/pub/eclipse/releases/2024-06/202406121000/binary/ (20.25kB)
[2024-06-27 09:45:53] Fetching org.osgi.service.prefs_1.1.2.202109301733.jar from https://ftp.jaist.ac.jp/pub/eclipse/releases/2024-06/202406121000/plugins/ (19.69kB)
[2024-06-27 09:45:54] Fetching org.osgi.service.device_1.1.1.202109301733.jar from https://ftp.yz.yamagata-u.ac.jp/pub/eclipse/releases/2024-06/202406121000/plugins/ (19.88kB)
[2024-06-27 09:45:54] Fetching org.eclipse.equinox.p2.rcp.feature_1.4.2400.v20240515-1919.jar from https://ftp.yz.yamagata-u.ac.jp/pub/eclipse/releases/2024-06/202406121000/features/ (20.79kB)
[2024-06-27 09:45:54] Fetching org.eclipse.equinox.p2.discovery.feature_1.3.400.v20240417-0757.jar from https://ftp.yz.yamagata-u.ac.jp/pub/eclipse/releases/2024-06/202406121000/features/ (20.8kB)
[2024-06-27 09:45:54] Fetching org.eclipse.equinox.p2.user.ui_2.4.2400.v20240519-2013.jar from https://ftp2.osuosl.org/pub/eclipse/releases/2024-06/202406121000/features/ (20.7kB)
[2024-06-27 09:45:54] Fetching org.eclipse.buildship_3.1.9.v20240115-1636.jar from https://ftp2.osuosl.org/pub/eclipse/releases/2024-06/202406121000/features/ (20.47kB)
[2024-06-27 09:45:54] Fetching org.eclipse.jdt.bcoview.feature_1.2.400.v20240322-0935.jar from https://ftp2.osuosl.org/pub/eclipse/releases/2024-06/202406121000/features/ (20.6kB)
[2024-06-27 09:45:54] Fetching org.eclipse.m2e.lemminx.feature_2.0.600.20240219-1707.jar from https://ftp2.osuosl.org/pub/eclipse/releases/2024-06/202406121000/features/ (20.78kB)
[2024-06-27 09:45:55] Fetching org.eclipse.equinox.p2.extras.feature_1.4.2400.v20240519-2013.jar from https://ftp.yz.yamagata-u.ac.jp/pub/eclipse/releases/2024-06/202406121000/features/ (20.86kB)
[2024-06-27 09:45:55] Fetching org.eclipse.equinox.p2.core.feature_1.7.200.v20240515-1919.jar from https://ftp2.osuosl.org/pub/eclipse/releases/2024-06/202406121000/features/ (21.18kB)
[2024-06-27 09:45:55] Fetching org.eclipse.equinox.p2.extras.feature_1.4.2400.v20240519-2013.jar from https://ftp.yz.yamagata-u.ac.jp/pub/eclipse/releases/2024-06/202406121000/features/ (20.86kB)
[2024-06-27 09:45:55] Fetching org.eclipse.equinox.p2.core.feature_1.7.200.v20240515-1919.jar from https://ftp2.osuosl.org/pub/eclipse/releases/2024-06/202406121000/features/ (21.18kB)
[2024-06-27 09:45:55] Fetching org.eclipse.emf.common_2.31.0.v20240314-0928.jar from https://ftp.yz.yamagata-u.ac.jp/pub/eclipse/releases/2024-06/202406121000/features/ (20.89kB)
[2024-06-27 09:45:55] Fetching org.eclipse.equinox.p2.updatechecker_1.4.300.v20240514-1422.jar from https://ftp.yz.yamagata-u.ac.jp/pub/eclipse/releases/2024-06/202406121000/plugins/ (20.94kB)
[2024-06-27 09:45:55] Fetching org.eclipse.emf.ecore_2.37.0.v20240203-0859.jar from https://ftp.yz.yamagata-u.ac.jp/pub/eclipse/releases/2024-06/202406121000/features/ (20.95kB)
[2024-06-27 09:45:55] Fetching org.eclipse.m2e.logback.feature_2.6.1.20240411-1743.jar from https://ftp2.osuosl.org/pub/eclipse/releases/2024-06/202406121000/features/ (21.38kB)
[2024-06-27 09:45:55] Fetching org.eclipse.ecf.core.ssl.feature_1.1.501.v20230507-1921.jar from https://ftp2.osuosl.org/pub/eclipse/releases/2024-06/202406121000/features/ (21.52kB)
[2024-06-27 09:45:55] Fetching junit-platform-suite-api_1.10.2.jar from https://ftp2.osuosl.org/pub/eclipse/releases/2024-06/202406121000/plugins/ (22.05kB)
[2024-06-27 09:45:56] Fetching org.eclipse.epp.mpc_1.10.3.v20240228-1000.jar from https://ftp2.osuosl.org/pub/eclipse/releases/2024-06/202406121000/features/ (22.1kB)
[2024-06-27 09:45:56] Fetching org.eclipse.ecf.core.feature_1.6.2.v20231021-2127.jar from https://ftp2.osuosl.org/pub/eclipse/releases/2024-06/202406121000/features/ (21.57kB)
[2024-06-27 09:45:56] Fetching org.eclipse.mylyn.reviews.feature_4.3.0.v20240509-0539.jar from https://ftp2.osuosl.org/pub/eclipse/releases/2024-06/202406121000/features/ (22.2kB)
[2024-06-27 09:45:56] Fetching org.eclipse.wildwebdeveloper.xml.feature_1.3.4.202405270639.jar from https://ftp2.osuosl.org/pub/eclipse/releases/2024-06/202406121000/features/ (21.82kB)
[2024-06-27 09:45:56] Fetching org.eclipse.rcp_4.32.0.v20240601-0610.jar from https://ftp.yz.yamagata-u.ac.jp/pub/eclipse/releases/2024-06/202406121000/features/ (22.18kB)
[2024-06-27 09:45:56] Fetching org.eclipse.help_2.3.1800.v20240601-0610.jar from https://ftp2.osuosl.org/pub/eclipse/releases/2024-06/202406121000/features/ (22.25kB)
[2024-06-27 09:45:56] Fetching org.eclipse.egit_6.10.0.202406032230-r.jar from https://ftp2.osuosl.org/pub/eclipse/releases/2024-06/202406121000/features/ (22.26kB)
[2024-06-27 09:45:56] Fetching org.eclipse.m2e.logback_2.6.1.20240411-1122.jar from https://ftp2.osuosl.org/pub/eclipse/releases/2024-06/202406121000/plugins/ (22.21kB)
[2024-06-27 09:45:56] Fetching org.eclipse.jdt_3.19.500.v20240601-0610.jar from https://ftp.yz.yamagata-u.ac.jp/pub/eclipse/releases/2024-06/202406121000/features/ (22.53kB)
[2024-06-27 09:45:56] Fetching org.eclipse.m2e.logback_2.6.1.20240411-1122.jar from https://ftp2.osuosl.org/pub/eclipse/releases/2024-06/202406121000/plugins/ (22.21kB)
[2024-06-27 09:45:56] Fetching org.eclipse.jdt_3.19.500.v20240601-0610.jar from https://ftp.yz.yamagata-u.ac.jp/pub/eclipse/releases/2024-06/202406121000/features/ (22.53kB)
[2024-06-27 09:45:56] Fetching org.eclipse.tm.terminal.control.feature_11.6.0.202403071917.jar from https://ftp2.osuosl.org/pub/eclipse/releases/2024-06/202406121000/features/ (22.54kB)
[2024-06-27 09:45:56] Fetching org.eclipse.mylyn.github.feature_6.5.0.v20240601-0538.jar from https://ftp2.osuosl.org/pub/eclipse/releases/2024-06/202406121000/features/ (22.33kB)
[2024-06-27 09:45:57] Fetching org.eclipse.tm.terminal.connector.ssh.feature_11.6.0.202403071917.jar from https://ftp.yz.yamagata-u.ac.jp/pub/eclipse/releases/2024-06/202406121000/features/ (22.58kB)
[2024-06-27 09:45:57] Fetching org.eclipse.tm.terminal.view.feature_11.6.0.202403071917.jar from https://ftp2.osuosl.org/pub/eclipse/releases/2024-06/202406121000/features/ (22.56kB)
[2024-06-27 09:45:57] Fetching org.eclipse.tm.terminal.feature_11.6.0.202403071917.jar from https://ftp.yz.yamagata-u.ac.jp/pub/eclipse/releases/2024-06/202406121000/features/ (22.71kB)
[2024-06-27 09:45:57] Fetching org.eclipse.mylyn.monitor.feature_4.3.0.v20240509-0539.jar from https://ftp.yz.yamagata-u.ac.jp/pub/eclipse/releases/2024-06/202406121000/features/ (22.72kB)
[2024-06-27 09:45:57] Fetching org.eclipse.mylyn.versions.feature_4.3.0.v20240509-0539.jar from https://ftp.yz.yamagata-u.ac.jp/pub/eclipse/releases/2024-06/202406121000/features/ (22.74kB)
[2024-06-27 09:45:57] Fetching org.eclipse.mylyn.commons.identity.feature_4.3.0.v20240602-0603.jar from https://ftp.yz.yamagata-u.ac.jp/pub/eclipse/releases/2024-06/202406121000/features/ (22.72kB)
[2024-06-27 09:45:57] Fetching org.eclipse.mylyn.versions.feature_4.3.0.v20240509-0539.jar from https://ftp.yz.yamagata-u.ac.jp/pub/eclipse/releases/2024-06/202406121000/features/ (22.74kB)
[2024-06-27 09:45:57] Fetching org.eclipse.mylyn.commons.identity.feature_4.3.0.v20240602-0603.jar from https://ftp.yz.yamagata-u.ac.jp/pub/eclipse/releases/2024-06/202406121000/features/ (22.72kB)
[2024-06-27 09:45:57] Fetching org.eclipse.mylyn.team.feature_4.3.0.v20240602-0603.jar from https://ftp2.osuosl.org/pub/eclipse/releases/2024-06/202406121000/features/ (22.76kB)
[2024-06-27 09:45:57] Fetching org.eclipse.mylyn.builds.feature_4.3.0.v20240509-0539.jar from https://ftp.yz.yamagata-u.ac.jp/pub/eclipse/releases/2024-06/202406121000/features/ (22.76kB)
[2024-06-27 09:45:58] Fetching org.eclipse.mylyn.ide.feature_4.3.0.v20240509-0539.jar from https://ftp.yz.yamagata-u.ac.jp/pub/eclipse/releases/2024-06/202406121000/features/ (22.79kB)
[2024-06-27 09:45:58] Fetching org.eclipse.mylyn.commons.notifications.feature_4.3.0.v20240602-0603.jar from https://ftp.yz.yamagata-u.ac.jp/pub/eclipse/releases/2024-06/202406121000/features/ (22.8kB)
[2024-06-27 09:45:58] Fetching org.eclipse.mylyn.commons.feature_4.3.0.v20240602-0603.jar from https://ftp2.osuosl.org/pub/eclipse/releases/2024-06/202406121000/features/ (22.76kB)
[2024-06-27 09:45:58] Fetching org.eclipse.mylyn.git.feature_4.3.0.v20240509-0539.jar from https://ftp2.osuosl.org/pub/eclipse/releases/2024-06/202406121000/features/ (22.76kB)
[2024-06-27 09:45:58] Fetching org.eclipse.mylyn.commons.activity.feature_4.3.0.v20240509-0539.jar from https://ftp.yz.yamagata-u.ac.jp/pub/eclipse/releases/2024-06/202406121000/features/ (22.79kB)
[2024-06-27 09:45:58] Fetching org.eclipse.mylyn.jenkins.feature_4.3.0.v20240509-0539.jar from https://ftp.yz.yamagata-u.ac.jp/pub/eclipse/releases/2024-06/202406121000/features/ (22.81kB)
[2024-06-27 09:45:58] Fetching org.eclipse.m2e.feature_2.6.1.20240602-2342.jar from https://ftp2.osuosl.org/pub/eclipse/releases/2024-06/202406121000/features/ (22.81kB)
[2024-06-27 09:45:58] Fetching org.eclipse.mylyn.context.feature_4.3.0.v20240602-0603.jar from https://ftp2.osuosl.org/pub/eclipse/releases/2024-06/202406121000/features/ (22.8kB)
[2024-06-27 09:45:58] Fetching org.eclipse.mylyn.jdt.feature_4.3.0.v20240514-0726.jar from https://ftp2.osuosl.org/pub/eclipse/releases/2024-06/202406121000/features/ (22.9kB)
[2024-06-27 09:45:58] Fetching org.eclipse.tips.feature_0.4.400.v20240525-0701.jar from https://ftp2.osuosl.org/pub/eclipse/releases/2024-06/202406121000/features/ (22.9kB)
[2024-06-27 09:45:58] Fetching org.eclipse.mylyn.commons.repositories.feature_4.3.0.v20240602-0603.jar from https://ftp.jaist.ac.jp/pub/eclipse/releases/2024-06/202406121000/features/ (22.83kB)
[2024-06-27 09:45:58] Fetching org.eclipse.platform_4.32.0.v20240601-0610.jar from https://ftp.yz.yamagata-u.ac.jp/pub/eclipse/releases/2024-06/202406121000/features/ (23.04kB)
[2024-06-27 09:45:58] Fetching org.eclipse.mylyn.egit.feature_4.3.0.v20240602-0603.jar from https://ftp.jaist.ac.jp/pub/eclipse/releases/2024-06/202406121000/features/ (22.85kB)
[2024-06-27 09:45:58] Fetching org.eclipse.mylyn.wikitext.feature_4.3.0.v20240602-0603.jar from https://ftp.yz.yamagata-u.ac.jp/pub/eclipse/releases/2024-06/202406121000/features/ (22.88kB)
[2024-06-27 09:45:59] Fetching org.eclipse.mylyn.tasks.feature_4.3.0.v20240602-0603.jar from https://ftp.yz.yamagata-u.ac.jp/pub/eclipse/releases/2024-06/202406121000/features/ (22.88kB)
[2024-06-27 09:45:59] Fetching org.osgi.util.function_1.2.0.202109301733.jar from https://ftp2.osuosl.org/pub/eclipse/releases/2024-06/202406121000/plugins/ (23.09kB)
[2024-06-27 09:45:59] Fetching org.eclipse.e4.rcp_4.32.0.v20240528-0813.jar from https://ftp.yz.yamagata-u.ac.jp/pub/eclipse/releases/2024-06/202406121000/features/ (23.34kB)
[2024-06-27 09:45:59] Fetching org.eclipse.mylyn.commons.identity.ui_4.3.0.v20240509-0539.jar from https://ftp2.osuosl.org/pub/eclipse/releases/2024-06/202406121000/plugins/ (23.06kB)
[2024-06-27 09:45:59] Fetching org.eclipse.eclemma.feature_3.1.9.202405260028.jar from https://ftp.yz.yamagata-u.ac.jp/pub/eclipse/releases/2024-06/202406121000/features/ (23.53kB)
[2024-06-27 09:45:59] Fetching org.eclipse.e4.ui.workbench3_0.17.400.v20240321-1245.jar from https://ftp.yz.yamagata-u.ac.jp/pub/eclipse/releases/2024-06/202406121000/plugins/ (23.24kB)
[2024-06-27 09:45:59] Fetching org.eclipse.m2e.profiles.core_2.1.202.20240411-1122.jar from https://ftp2.osuosl.org/pub/eclipse/releases/2024-06/202406121000/plugins/ (23.81kB)
[2024-06-27 09:45:59] Fetching org.eclipse.mylyn.tasks.activity.core_4.3.0.v20240509-0539.jar from https://ftp2.osuosl.org/pub/eclipse/releases/2024-06/202406121000/plugins/ (23.47kB)
[2024-06-27 09:45:59] Fetching org.eclipse.m2e.profiles.core_2.1.202.20240411-1122.jar from https://ftp2.osuosl.org/pub/eclipse/releases/2024-06/202406121000/plugins/ (23.81kB)
[2024-06-27 09:45:59] Fetching org.eclipse.m2e.binaryproject_2.1.203.20240411-1122.jar from https://ftp2.osuosl.org/pub/eclipse/releases/2024-06/202406121000/plugins/ (23.49kB)
[2024-06-27 09:45:59] Fetching org.eclipse.tips.json_0.3.400.v20240525-0701.jar from https://ftp2.osuosl.org/pub/eclipse/releases/2024-06/202406121000/plugins/ (23.36kB)
[2024-06-27 09:45:59] Fetching junit-platform-suite-engine_1.10.2.jar from https://ftp.yz.yamagata-u.ac.jp/pub/eclipse/releases/2024-06/202406121000/plugins/ (23.55kB)
[2024-06-27 09:45:59] Fetching org.eclipse.m2e.archetype.descriptor_3.2.1.2.jar from https://ftp.yz.yamagata-u.ac.jp/pub/eclipse/releases/2024-06/202406121000/plugins/ (23.89kB)
[2024-06-27 09:46:00] Fetching org.apache.httpcomponents.client5.httpclient5-win_5.2.1.v20230802-0847.jar from https://ftp.yz.yamagata-u.ac.jp/pub/eclipse/releases/2024-06/202406121000/plugins/ (24.57kB)
[2024-06-27 09:46:00] Fetching org.eclipse.mylyn.git.core_4.3.0.v20240509-0539.jar from https://ftp2.osuosl.org/pub/eclipse/releases/2024-06/202406121000/plugins/ (25.33kB)
[2024-06-27 09:46:00] Fetching jakarta.annotation-api_2.1.1.jar from https://ftp2.osuosl.org/pub/eclipse/releases/2024-06/202406121000/plugins/ (25.53kB)
[2024-06-27 09:46:00] Fetching org.eclipse.mylyn.jenkins.ui_4.3.0.v20240509-0539.jar from https://ftp.yz.yamagata-u.ac.jp/pub/eclipse/releases/2024-06/202406121000/plugins/ (24.39kB)
[2024-06-27 09:46:00] Fetching org.eclipse.ecf.filetransfer.ssl.feature_1.1.402.v20231021-2127.jar from https://ftp2.osuosl.org/pub/eclipse/releases/2024-06/202406121000/features/ (25.56kB)
[2024-06-27 09:46:00] Fetching org.eclipse.epp.mpc.ui.css_1.10.3.v20240221-1216.jar from https://ftp2.osuosl.org/pub/eclipse/releases/2024-06/202406121000/plugins/ (24.29kB)
[2024-06-27 09:46:00] Fetching org.eclipse.ecf.provider.filetransfer.httpclient5.win32_1.1.0.v20230423-0417.jar from https://ftp.yz.yamagata-u.ac.jp/pub/eclipse/releases/2024-06/202406121000/plugins/ (24.79kB)
[2024-06-27 09:46:00] Fetching org.eclipse.mylyn.git.ui_4.3.0.v20240509-0539.jar from https://ftp.yz.yamagata-u.ac.jp/pub/eclipse/releases/2024-06/202406121000/plugins/ (24.74kB)
[2024-06-27 09:46:00] Fetching org.eclipse.ui.intro.quicklinks_1.2.400.v20240414-1916.jar from https://ftp.yz.yamagata-u.ac.jp/pub/eclipse/releases/2024-06/202406121000/plugins/ (25.81kB)
[2024-06-27 09:46:00] Fetching org.eclipse.tm.terminal.connector.local.feature_11.6.0.202403071917.jar from https://ftp2.osuosl.org/pub/eclipse/releases/2024-06/202406121000/features/ (26.33kB)
[2024-06-27 09:46:00] Fetching org.eclipse.e4.ui.services_1.6.300.v20231201-1637.jar from https://ftp.yz.yamagata-u.ac.jp/pub/eclipse/releases/2024-06/202406121000/plugins/ (26.42kB)
[2024-06-27 09:46:00] Fetching org.eclipse.mylyn.java.tasks_4.3.0.v20240509-0539.jar from https://ftp2.osuosl.org/pub/eclipse/releases/2024-06/202406121000/plugins/ (25.63kB)
[2024-06-27 09:46:00] Fetching org.osgi.util.measurement_1.0.2.201802012109.jar from https://ftp2.osuosl.org/pub/eclipse/releases/2024-06/202406121000/plugins/ (25.74kB)
[2024-06-27 09:46:00] Fetching org.eclipse.ui.win32_3.5.300.v20240524-2010.jar from https://ftp.yz.yamagata-u.ac.jp/pub/eclipse/releases/2024-06/202406121000/plugins/ (25.79kB)
[2024-06-27 09:46:00] Fetching org.eclipse.equinox.p2.garbagecollector_1.3.300.v20240321-1450.jar from https://ftp.yz.yamagata-u.ac.jp/pub/eclipse/releases/2024-06/202406121000/plugins/ (26.99kB)
[2024-06-27 09:46:00] Fetching org.osgi.util.measurement_1.0.2.201802012109.jar from https://ftp2.osuosl.org/pub/eclipse/releases/2024-06/202406121000/plugins/ (25.74kB)
[2024-06-27 09:46:00] Fetching org.eclipse.ui.win32_3.5.300.v20240524-2010.jar from https://ftp.yz.yamagata-u.ac.jp/pub/eclipse/releases/2024-06/202406121000/plugins/ (25.79kB)
[2024-06-27 09:46:01] Fetching junit-jupiter-migrationsupport_5.10.2.jar from https://ftp.yz.yamagata-u.ac.jp/pub/eclipse/releases/2024-06/202406121000/plugins/ (27.06kB)
[2024-06-27 09:46:01] Fetching org.eclipse.tm.terminal.connector.telnet.feature_11.6.0.202403071917.jar from https://ftp2.osuosl.org/pub/eclipse/releases/2024-06/202406121000/features/ (26.34kB)
[2024-06-27 09:46:01] Fetching org.eclipse.m2e.sourcelookup.ui_2.0.401.20240411-1122.jar from https://ftp.yz.yamagata-u.ac.jp/pub/eclipse/releases/2024-06/202406121000/plugins/ (27.98kB)
[2024-06-27 09:46:01] Fetching org.eclipse.mylyn.egit.ui_4.3.0.v20240509-0539.jar from https://ftp2.osuosl.org/pub/eclipse/releases/2024-06/202406121000/plugins/ (27.33kB)
[2024-06-27 09:46:01] Fetching org.eclipse.core.net.win32_1.1.400.v20240414-0911.jar from https://ftp.yz.yamagata-u.ac.jp/pub/eclipse/releases/2024-06/202406121000/plugins/ (27.77kB)
[2024-06-27 09:46:01] Fetching org.eclipse.jdt.junit4.runtime_1.3.100.v20231214-1952.jar from https://ftp2.osuosl.org/pub/eclipse/releases/2024-06/202406121000/plugins/ (28.39kB)
[2024-06-27 09:46:01] Fetching org.eclipse.equinox.concurrent_1.3.100.v20240514-0729.jar from https://ftp.yz.yamagata-u.ac.jp/pub/eclipse/releases/2024-06/202406121000/plugins/ (28.35kB)
[2024-06-27 09:46:01] Fetching org.eclipse.jdt.junit5.runtime_1.1.300.v20231214-1952.jar from https://ftp.yz.yamagata-u.ac.jp/pub/eclipse/releases/2024-06/202406121000/plugins/ (28.27kB)
[2024-06-27 09:46:01] Fetching org.eclipse.jgit.http.apache_6.10.0.202406032230-r.jar from https://ftp.yz.yamagata-u.ac.jp/pub/eclipse/releases/2024-06/202406121000/plugins/ (28.89kB)
[2024-06-27 09:46:02] Fetching org.eclipse.equinox.simpleconfigurator.manipulator_2.3.200.v20240321-1450.jar from https://ftp.yz.yamagata-u.ac.jp/pub/eclipse/releases/2024-06/202406121000/plugins/ (28.85kB)
[2024-06-27 09:46:02] Fetching org.eclipse.ecf.filetransfer.httpclientjava.feature_2.0.200.v20231114-1017.jar from https://ftp.yz.yamagata-u.ac.jp/pub/eclipse/releases/2024-06/202406121000/features/ (29.57kB)
[2024-06-27 09:46:02] Fetching org.eclipse.ecf.filetransfer.feature_3.14.1900.v20230715-1945.jar from https://ftp.yz.yamagata-u.ac.jp/pub/eclipse/releases/2024-06/202406121000/features/ (29.66kB)
[2024-06-27 09:46:02] Fetching org.eclipse.equinox.http.jetty_3.9.200.v20240321-1445.jar from https://ftp2.osuosl.org/pub/eclipse/releases/2024-06/202406121000/plugins/ (29.31kB)
[2024-06-27 09:46:02] Fetching org.eclipse.e4.core.commands_1.1.400.v20240424-0444.jar from https://ftp2.osuosl.org/pub/eclipse/releases/2024-06/202406121000/plugins/ (29.41kB)
[2024-06-27 09:46:02] Fetching org.osgi.service.metatype_1.4.1.202109301733.jar from https://ftp.yz.yamagata-u.ac.jp/pub/eclipse/releases/2024-06/202406121000/plugins/ (29.67kB)
[2024-06-27 09:46:02] Fetching org.eclipse.equinox.jsp.jasper_1.2.100.v20240321-1445.jar from https://ftp.yz.yamagata-u.ac.jp/pub/eclipse/releases/2024-06/202406121000/plugins/ (29.66kB)
[2024-06-27 09:46:02] Fetching org.eclipse.ecf.filetransfer.httpclient5.feature_1.1.702.v20231114-1017.jar from https://ftp.yz.yamagata-u.ac.jp/pub/eclipse/releases/2024-06/202406121000/features/ (29.69kB)
[2024-06-27 09:46:03] Fetching org.osgi.service.upnp_1.2.1.202109301733.jar from https://ftp.yz.yamagata-u.ac.jp/pub/eclipse/releases/2024-06/202406121000/plugins/ (30.58kB)
[2024-06-27 09:46:03] Fetching org.eclipse.mylyn.ide.ant_4.3.0.v20240509-0539.jar from https://ftp.yz.yamagata-u.ac.jp/pub/eclipse/releases/2024-06/202406121000/plugins/ (29.73kB)
[2024-06-27 09:46:03] Fetching org.eclipse.jgit.archive_6.10.0.202406032230-r.jar from https://ftp.yz.yamagata-u.ac.jp/pub/eclipse/releases/2024-06/202406121000/plugins/ (29.86kB)
[2024-06-27 09:46:03] Fetching org.eclipse.e4.ui.css.swt.theme_0.14.400.v20240424-0956.jar from https://ftp.yz.yamagata-u.ac.jp/pub/eclipse/releases/2024-06/202406121000/plugins/ (30.18kB)
[2024-06-27 09:46:03] Fetching org.eclipse.tm.terminal.connector.local_4.8.100.202402230238.jar from https://ftp.yz.yamagata-u.ac.jp/pub/eclipse/releases/2024-06/202406121000/plugins/ (32.17kB)
[2024-06-27 09:46:03] Fetching org.eclipse.m2e.mavenarchiver_2.0.501.20240411-1122.jar from https://ftp2.osuosl.org/pub/eclipse/releases/2024-06/202406121000/plugins/ (31.14kB)
[2024-06-27 09:46:03] Fetching org.eclipse.jdt.annotation_2.3.0.v20240111-2306.jar from https://ftp2.osuosl.org/pub/eclipse/releases/2024-06/202406121000/plugins/ (31.08kB)
[2024-06-27 09:46:03] Fetching org.glassfish.hk2.osgi-resource-locator_2.5.0.v20161103-1916.jar from https://ftp.yz.yamagata-u.ac.jp/pub/eclipse/releases/2024-06/202406121000/plugins/ (33.49kB)
[2024-06-27 09:46:03] Fetching org.eclipse.equinox.p2.directorywatcher_1.4.400.v20240321-1450.jar from https://ftp.yz.yamagata-u.ac.jp/pub/eclipse/releases/2024-06/202406121000/plugins/ (33.73kB)
[2024-06-27 09:46:03] Fetching org.eclipse.equinox.p2.console_1.3.400.v20240321-1450.jar from https://ftp2.osuosl.org/pub/eclipse/releases/2024-06/202406121000/plugins/ (31.25kB)
[2024-06-27 09:46:03] Fetching org.eclipse.mylyn.tasks.index.ui_4.3.0.v20240509-0539.jar from https://ftp.yz.yamagata-u.ac.jp/pub/eclipse/releases/2024-06/202406121000/plugins/ (31.53kB)
[2024-06-27 09:46:03] Fetching org.eclipse.jface.notifications_0.7.200.v20240321-1245.jar from https://ftp2.osuosl.org/pub/eclipse/releases/2024-06/202406121000/plugins/ (33.05kB)
[2024-06-27 09:46:04] Fetching org.eclipse.mylyn.commons.notifications.feed_4.3.0.v20240509-0539.jar from https://ftp.yz.yamagata-u.ac.jp/pub/eclipse/releases/2024-06/202406121000/plugins/ (34.92kB)
[2024-06-27 09:46:04] Fetching org.eclipse.mylyn.versions.core_4.3.0.v20240509-0539.jar from https://ftp.jaist.ac.jp/pub/eclipse/releases/2024-06/202406121000/plugins/ (33.8kB)
[2024-06-27 09:46:04] Fetching org.objectweb.asm.tree.analysis_9.7.0.jar from https://ftp.yz.yamagata-u.ac.jp/pub/eclipse/releases/2024-06/202406121000/plugins/ (33.96kB)
[2024-06-27 09:46:04] Fetching org.eclipse.ui.themes_1.2.2400.v20240213-1133.jar from https://ftp.yz.yamagata-u.ac.jp/pub/eclipse/releases/2024-06/202406121000/plugins/ (33.85kB)
[2024-06-27 09:46:04] Fetching org.eclipse.tm.terminal.connector.process_4.9.100.202402230238.jar from https://ftp.yz.yamagata-u.ac.jp/pub/eclipse/releases/2024-06/202406121000/plugins/ (34.01kB)
[2024-06-27 09:46:04] Fetching org.eclipse.equinox.event_1.7.100.v20240321-1445.jar from https://ftp2.osuosl.org/pub/eclipse/releases/2024-06/202406121000/plugins/ (35.52kB)
[2024-06-27 09:46:05] Fetching org.eclipse.mylyn.tasks.index.core_4.3.0.v20240509-0539.jar from https://ftp2.osuosl.org/pub/eclipse/releases/2024-06/202406121000/plugins/ (36.38kB)
[2024-06-27 09:46:05] Fetching org.eclipse.equinox.p2.extensionlocation_1.5.400.v20240321-1450.jar from https://ftp2.osuosl.org/pub/eclipse/releases/2024-06/202406121000/plugins/ (37.71kB)
[2024-06-27 09:46:05] Fetching org.eclipse.core.variables_3.6.400.v20240413-1529.jar from https://ftp.yz.yamagata-u.ac.jp/pub/eclipse/releases/2024-06/202406121000/plugins/ (37.54kB)
[2024-06-27 09:46:05] Fetching org.eclipse.mylyn.ide.ui_4.3.0.v20240509-0539.jar from https://ftp.yz.yamagata-u.ac.jp/pub/eclipse/releases/2024-06/202406121000/plugins/ (38.77kB)
[2024-06-27 09:46:05] Fetching org.eclipse.core.variables_3.6.400.v20240413-1529.jar from https://ftp.yz.yamagata-u.ac.jp/pub/eclipse/releases/2024-06/202406121000/plugins/ (37.54kB)
[2024-06-27 09:46:05] Fetching org.eclipse.mylyn.ide.ui_4.3.0.v20240509-0539.jar from https://ftp.yz.yamagata-u.ac.jp/pub/eclipse/releases/2024-06/202406121000/plugins/ (38.77kB)
[2024-06-27 09:46:05] Fetching org.eclipse.equinox.p2.extensionlocation_1.5.400.v20240321-1450.jar from https://ftp2.osuosl.org/pub/eclipse/releases/2024-06/202406121000/plugins/ (37.71kB)
[2024-06-27 09:46:05] Fetching org.osgi.service.useradmin_1.1.1.202109301733.jar from https://ftp2.osuosl.org/pub/eclipse/releases/2024-06/202406121000/plugins/ (35.82kB)
[2024-06-27 09:46:05] Fetching org.eclipse.mylyn.commons.activity.ui_4.3.0.v20240509-0539.jar from https://ftp2.osuosl.org/pub/eclipse/releases/2024-06/202406121000/plugins/ (36.95kB)
[2024-06-27 09:46:05] Fetching org.apache.felix.gogo.command_1.1.2.jar from https://ftp.yz.yamagata-u.ac.jp/pub/eclipse/releases/2024-06/202406121000/plugins/ (38.76kB)
[2024-06-27 09:46:05] Fetching org.eclipse.equinox.frameworkadmin_2.3.200.v20240321-1450.jar from https://ftp.yz.yamagata-u.ac.jp/pub/eclipse/releases/2024-06/202406121000/plugins/ (39.11kB)
[2024-06-27 09:46:05] Fetching org.eclipse.core.filesystem.win32.x86_64_1.4.300.v20220812-1420.jar from https://ftp.jaist.ac.jp/pub/eclipse/releases/2024-06/202406121000/plugins/ (39.29kB)
[2024-06-27 09:46:06] Fetching org.eclipse.ltk.core.refactoring_3.14.400.v20240321-1245.jar from https://ftp2.osuosl.org/pub/eclipse/releases/2024-06/202406121000/plugins/ (346.38kB)
[2024-06-27 09:46:06] Fetching org.eclipse.mylyn.builds.ui_4.3.0.v20240509-0539.jar from https://ftp2.osuosl.org/pub/eclipse/releases/2024-06/202406121000/plugins/ (342.55kB)
[2024-06-27 09:46:06] Fetching org.eclipse.ui.forms_3.13.300.v20240424-0956.jar from https://ftp2.osuosl.org/pub/eclipse/releases/2024-06/202406121000/plugins/ (333.53kB)
[2024-06-27 09:46:06] Fetching org.eclipse.tips.ide_0.3.400.v20240413-1529.jar from https://ftp2.osuosl.org/pub/eclipse/releases/2024-06/202406121000/plugins/ (332kB)
[2024-06-27 09:46:06] Fetching org.apache.commons.httpclient_3.1.0.v20240401-1000.jar from https://ftp.yz.yamagata-u.ac.jp/pub/eclipse/releases/2024-06/202406121000/plugins/ (323.54kB)
[2024-06-27 09:46:07] Fetching org.eclipse.core.databinding.observable_1.13.300.v20240424-0444.jar from https://ftp.yz.yamagata-u.ac.jp/pub/eclipse/releases/2024-06/202406121000/plugins/ (315.34kB)
[2024-06-27 09:46:07] Fetching org.eclipse.mylyn.commons.ui_4.3.0.v20240602-0603.jar from https://ftp.yz.yamagata-u.ac.jp/pub/eclipse/releases/2024-06/202406121000/plugins/ (311.64kB)
[2024-06-27 09:46:07] Fetching org.eclipse.eclemma.ui_3.1.9.202405260028.jar from https://ftp.yz.yamagata-u.ac.jp/pub/eclipse/releases/2024-06/202406121000/plugins/ (310.93kB)
[2024-06-27 09:46:07] Fetching org.eclipse.ltk.core.refactoring_3.14.400.v20240321-1245.jar from https://ftp2.osuosl.org/pub/eclipse/releases/2024-06/202406121000/plugins/
[2024-06-27 09:46:07] Fetching org.eclipse.mylyn.reviews.ui_4.3.0.v20240509-0539.jar from https://ftp.jaist.ac.jp/pub/eclipse/releases/2024-06/202406121000/plugins/ (306.47kB)
[2024-06-27 09:46:07] Fetching org.eclipse.mylyn.builds.ui_4.3.0.v20240509-0539.jar from https://ftp2.osuosl.org/pub/eclipse/releases/2024-06/202406121000/plugins/
[2024-06-27 09:46:07] Fetching org.eclipse.ui.forms_3.13.300.v20240424-0956.jar from https://ftp2.osuosl.org/pub/eclipse/releases/2024-06/202406121000/plugins/
[2024-06-27 09:46:07] Fetching org.apache.commons.httpclient_3.1.0.v20240401-1000.jar from https://ftp.yz.yamagata-u.ac.jp/pub/eclipse/releases/2024-06/202406121000/plugins/
[2024-06-27 09:46:08] Fetching org.eclipse.core.databinding.observable_1.13.300.v20240424-0444.jar from https://ftp.yz.yamagata-u.ac.jp/pub/eclipse/releases/2024-06/202406121000/plugins/
[2024-06-27 09:46:08] Fetching org.eclipse.jetty.io_12.0.9.jar from https://ftp.jaist.ac.jp/pub/eclipse/releases/2024-06/202406121000/plugins/ (302.34kB)
[2024-06-27 09:46:08] Fetching org.eclipse.mylyn.commons.ui_4.3.0.v20240602-0603.jar from https://ftp.yz.yamagata-u.ac.jp/pub/eclipse/releases/2024-06/202406121000/plugins/
[2024-06-27 09:46:08] Fetching org.eclipse.emf.edit_2.21.0.v20231208-1346.jar from https://ftp2.osuosl.org/pub/eclipse/releases/2024-06/202406121000/plugins/ (301.63kB)
[2024-06-27 09:46:08] Fetching org.eclipse.eclemma.ui_3.1.9.202405260028.jar from https://ftp.yz.yamagata-u.ac.jp/pub/eclipse/releases/2024-06/202406121000/plugins/
[2024-06-27 09:46:08] Fetching com.jcraft.jsch_0.1.55.v20230916-1400.jar from https://ftp2.osuosl.org/pub/eclipse/releases/2024-06/202406121000/plugins/ (300.3kB)
[2024-06-27 09:46:08] Fetching org.eclipse.mylyn.reviews.ui_4.3.0.v20240509-0539.jar from https://ftp.jaist.ac.jp/pub/eclipse/releases/2024-06/202406121000/plugins/
[2024-06-27 09:46:08] Fetching org.eclipse.jface.databinding_1.15.300.v20240424-0444.jar from https://ftp2.osuosl.org/pub/eclipse/releases/2024-06/202406121000/plugins/ (292.66kB)
[2024-06-27 09:46:09] Fetching org.eclipse.tm4e.core_0.12.0.202405210827.jar from https://ftp2.osuosl.org/pub/eclipse/releases/2024-06/202406121000/plugins/ (291.97kB)
[2024-06-27 09:46:09] Fetching org.eclipse.core.databinding_1.13.300.v20240424-0444.jar from https://ftp.yz.yamagata-u.ac.jp/pub/eclipse/releases/2024-06/202406121000/plugins/ (288.03kB)
[2024-06-27 09:46:09] Fetching com.google.gson_2.11.0.jar from https://ftp.yz.yamagata-u.ac.jp/pub/eclipse/releases/2024-06/202406121000/plugins/ (291.44kB)
[2024-06-27 09:46:09] Fetching org.eclipse.jetty.io_12.0.9.jar from https://ftp.jaist.ac.jp/pub/eclipse/releases/2024-06/202406121000/plugins/
[2024-06-27 09:46:09] Fetching com.google.gson_2.11.0.jar from https://ftp.yz.yamagata-u.ac.jp/pub/eclipse/releases/2024-06/202406121000/plugins/ (291.44kB)
[2024-06-27 09:46:09] Fetching ch.qos.logback.classic_1.5.6.jar from https://ftp.yz.yamagata-u.ac.jp/pub/eclipse/releases/2024-06/202406121000/plugins/ (286.81kB)
[2024-06-27 09:46:09] Fetching org.eclipse.help_3.10.400.v20240415-0528.jar from https://ftp.yz.yamagata-u.ac.jp/pub/eclipse/releases/2024-06/202406121000/plugins/ (276.47kB)
[2024-06-27 09:46:09] Fetching org.snakeyaml.engine_2.7.0.jar from https://ftp2.osuosl.org/pub/eclipse/releases/2024-06/202406121000/plugins/ (286.35kB)
[2024-06-27 09:46:10] Fetching org.eclipse.tm.terminal.view.ui_4.11.500.202403071917.jar from https://ftp.jaist.ac.jp/pub/eclipse/releases/2024-06/202406121000/plugins/ (281.86kB)
[2024-06-27 09:46:10] Fetching org.eclipse.e4.ui.workbench_1.15.400.v20240502-1134.jar from https://ftp.jaist.ac.jp/pub/eclipse/releases/2024-06/202406121000/plugins/ (269.49kB)
[2024-06-27 09:46:10] Fetching org.jacoco.agent_0.8.12.202403310830.jar from https://ftp2.osuosl.org/pub/eclipse/releases/2024-06/202406121000/plugins/ (269.16kB)
[2024-06-27 09:46:10] Fetching org.eclipse.equinox.p2.repository.tools_2.4.400.v20240416-0654.jar from https://ftp.yz.yamagata-u.ac.jp/pub/eclipse/releases/2024-06/202406121000/plugins/ (259.99kB)
[2024-06-27 09:46:10] Fetching org.eclipse.jetty.servlet-api_4.0.6.jar from https://ftp.yz.yamagata-u.ac.jp/pub/eclipse/releases/2024-06/202406121000/plugins/ (266.68kB)
[2024-06-27 09:46:10] Fetching org.eclipse.e4.ui.workbench.renderers.swt_0.16.400.v20240418-1547.jar from https://ftp.yz.yamagata-u.ac.jp/pub/eclipse/releases/2024-06/202406121000/plugins/ (259.71kB)
[2024-06-27 09:46:11] Fetching org.eclipse.tm.terminal.view.ui_4.11.500.202403071917.jar from https://ftp.jaist.ac.jp/pub/eclipse/releases/2024-06/202406121000/plugins/
[2024-06-27 09:46:11] Fetching org.eclipse.e4.ui.workbench_1.15.400.v20240502-1134.jar from https://ftp.jaist.ac.jp/pub/eclipse/releases/2024-06/202406121000/plugins/
[2024-06-27 09:46:11] Fetching org.apache.httpcomponents.core5.httpcore5-h2_5.2.3.v20230922-1600.jar from https://ftp2.osuosl.org/pub/eclipse/releases/2024-06/202406121000/plugins/ (255.98kB)
[2024-06-27 09:46:11] Fetching org.jacoco.agent_0.8.12.202403310830.jar from https://ftp2.osuosl.org/pub/eclipse/releases/2024-06/202406121000/plugins/
[2024-06-27 09:46:11] Fetching net.bytebuddy.byte-buddy-agent_1.14.16.jar from https://ftp.yz.yamagata-u.ac.jp/pub/eclipse/releases/2024-06/202406121000/plugins/ (252kB)
[2024-06-27 09:46:11] Fetching org.eclipse.equinox.p2.publisher.eclipse_1.6.100.v20240519-2013.jar from https://ftp2.osuosl.org/pub/eclipse/releases/2024-06/202406121000/plugins/ (251.84kB)
[2024-06-27 09:46:11] Fetching org.eclipse.osgi.compatibility.state_1.2.1000.v20240213-1057.jar from https://ftp2.osuosl.org/pub/eclipse/releases/2024-06/202406121000/plugins/ (251.64kB)
[2024-06-27 09:46:11] Fetching org.eclipse.equinox.p2.repository.tools_2.4.400.v20240416-0654.jar from https://ftp.yz.yamagata-u.ac.jp/pub/eclipse/releases/2024-06/202406121000/plugins/
[2024-06-27 09:46:12] Fetching org.eclipse.epp.mpc.core_1.10.3.v20240221-1216.jar from https://ftp.jaist.ac.jp/pub/eclipse/releases/2024-06/202406121000/plugins/ (250.89kB)
[2024-06-27 09:46:12] Fetching org.mortbay.jasper.apache-el_9.0.83.jar from https://ftp.yz.yamagata-u.ac.jp/pub/eclipse/releases/2024-06/202406121000/plugins/ (249.38kB)
[2024-06-27 09:46:12] Fetching javax.xml_1.3.4.v201005080400.jar from https://ftp.yz.yamagata-u.ac.jp/pub/eclipse/releases/2024-06/202406121000/plugins/ (249kB)
[2024-06-27 09:46:12] Fetching org.eclipse.egit.github.core_6.1.0.202203080745-r.jar from https://ftp.yz.yamagata-u.ac.jp/pub/eclipse/releases/2024-06/202406121000/plugins/ (248.87kB)
[2024-06-27 09:46:12] Fetching org.apache.lucene.sandbox_9.10.0.v20240221-0830.jar from https://ftp2.osuosl.org/pub/eclipse/releases/2024-06/202406121000/plugins/ (248.49kB)
[2024-06-27 09:46:12] Fetching org.eclipse.ui.console_3.14.100.v20240429-1358.jar from https://ftp2.osuosl.org/pub/eclipse/releases/2024-06/202406121000/plugins/ (248.1kB)
[2024-06-27 09:46:13] Fetching org.eclipse.m2e.editor.lemminx_2.0.600.20240219-1707.jar from https://ftp2.osuosl.org/pub/eclipse/releases/2024-06/202406121000/plugins/ (245.78kB)
[2024-06-27 09:46:13] Fetching org.eclipse.epp.mpc.core_1.10.3.v20240221-1216.jar from https://ftp.jaist.ac.jp/pub/eclipse/releases/2024-06/202406121000/plugins/
[2024-06-27 09:46:13] Fetching org.joni_2.2.1.v20230703-0749.jar from https://ftp2.osuosl.org/pub/eclipse/releases/2024-06/202406121000/plugins/ (243.61kB)
[2024-06-27 09:46:13] Fetching org.mortbay.jasper.apache-el_9.0.83.jar from https://ftp.yz.yamagata-u.ac.jp/pub/eclipse/releases/2024-06/202406121000/plugins/
[2024-06-27 09:46:13] Fetching org.eclipse.equinox.p2.engine_2.10.200.v20240425-1316.jar from https://ftp.yz.yamagata-u.ac.jp/pub/eclipse/releases/2024-06/202406121000/plugins/ (240.75kB)
[2024-06-27 09:46:13] Fetching junit-jupiter-engine_5.10.2.jar from https://ftp.yz.yamagata-u.ac.jp/pub/eclipse/releases/2024-06/202406121000/plugins/ (238.96kB)
[2024-06-27 09:46:13] Fetching org.eclipse.emf.ecore.xmi_2.37.0.v20231208-1346.jar from https://ftp.yz.yamagata-u.ac.jp/pub/eclipse/releases/2024-06/202406121000/plugins/ (238.56kB)
[2024-06-27 09:46:14] Fetching org.eclipse.equinox.http.servlet_1.8.200.v20240321-1445.jar from https://ftp.yz.yamagata-u.ac.jp/pub/eclipse/releases/2024-06/202406121000/plugins/ (232.49kB)
[2024-06-27 09:46:14] Fetching org.eclipse.mylyn.github.doc_6.5.0.v20240601-0538.jar from https://ftp.jaist.ac.jp/pub/eclipse/releases/2024-06/202406121000/plugins/ (236.56kB)
[2024-06-27 09:46:14] Fetching com.sun.el.javax.el_3.0.4.jar from https://ftp2.osuosl.org/pub/eclipse/releases/2024-06/202406121000/plugins/ (232.26kB)
[2024-06-27 09:46:14] Fetching org.eclipse.jgit.ssh.apache_6.10.0.202406032230-r.jar from https://ftp.jaist.ac.jp/pub/eclipse/releases/2024-06/202406121000/plugins/ (232.26kB)
[2024-06-27 09:46:14] Fetching org.eclipse.wst.common.emf_1.2.700.v202007161535.jar from https://ftp2.osuosl.org/pub/eclipse/releases/2024-06/202406121000/plugins/ (230.35kB)
[2024-06-27 09:46:14] Fetching org.eclipse.mylyn.github.ui_6.5.0.v20240512-0805.jar from https://ftp2.osuosl.org/pub/eclipse/releases/2024-06/202406121000/plugins/ (229.4kB)
[2024-06-27 09:46:15] Fetching org.eclipse.eclemma.doc_3.1.9.202405260028.jar from https://ftp.yz.yamagata-u.ac.jp/pub/eclipse/releases/2024-06/202406121000/plugins/ (227.19kB)
[2024-06-27 09:46:15] Fetching org.eclipse.tm4e.ui_0.12.0.202405210827.jar from https://ftp.yz.yamagata-u.ac.jp/pub/eclipse/releases/2024-06/202406121000/plugins/ (220.11kB)
[2024-06-27 09:46:15] Fetching org.eclipse.mylyn.github.doc_6.5.0.v20240601-0538.jar from https://ftp.jaist.ac.jp/pub/eclipse/releases/2024-06/202406121000/plugins/
[2024-06-27 09:46:15] Fetching org.eclipse.e4.ui.css.core_0.14.400.v20240427-1520.jar from https://ftp.yz.yamagata-u.ac.jp/pub/eclipse/releases/2024-06/202406121000/plugins/ (219.51kB)
[2024-06-27 09:46:15] Fetching jaxen_2.0.0.jar from https://ftp2.osuosl.org/pub/eclipse/releases/2024-06/202406121000/plugins/ (218.71kB)
[2024-06-27 09:46:15] Fetching org.eclipse.tm.terminal.control_5.5.300.202403071917.jar from https://ftp2.osuosl.org/pub/eclipse/releases/2024-06/202406121000/plugins/ (218.07kB)
[2024-06-27 09:46:15] Fetching org.eclipse.mylyn.builds.core_4.3.0.v20240509-0539.jar from https://ftp2.osuosl.org/pub/eclipse/releases/2024-06/202406121000/plugins/ (211.15kB)
[2024-06-27 09:46:15] Fetching org.eclipse.ui.browser_3.8.300.v20240524-2010.jar from https://ftp.yz.yamagata-u.ac.jp/pub/eclipse/releases/2024-06/202406121000/plugins/ (212.18kB)
[2024-06-27 09:46:15] Fetching org.eclipse.mylyn.builds.core_4.3.0.v20240509-0539.jar from https://ftp2.osuosl.org/pub/eclipse/releases/2024-06/202406121000/plugins/ (211.15kB)
[2024-06-27 09:46:16] Fetching org.eclipse.e4.ui.progress_0.4.400.v20240424-0956.jar from https://ftp2.osuosl.org/pub/eclipse/releases/2024-06/202406121000/plugins/ (210.2kB)
[2024-06-27 09:46:16] Fetching junit-jupiter-api_5.10.2.jar from https://ftp.jaist.ac.jp/pub/eclipse/releases/2024-06/202406121000/plugins/ (206.01kB)
[2024-06-27 09:46:16] Fetching org.eclipse.e4.ui.css.swt_0.15.400.v20240321-1245.jar from https://ftp.yz.yamagata-u.ac.jp/pub/eclipse/releases/2024-06/202406121000/plugins/ (204.32kB)
[2024-06-27 09:46:16] Fetching org.jacoco.core_0.8.12.202403310830.jar from https://ftp.jaist.ac.jp/pub/eclipse/releases/2024-06/202406121000/plugins/ (205.35kB)
[2024-06-27 09:46:16] Fetching org.eclipse.equinox.registry_3.12.100.v20240524-2011.jar from https://ftp.yz.yamagata-u.ac.jp/pub/eclipse/releases/2024-06/202406121000/plugins/ (201.2kB)
[2024-06-27 09:46:17] Fetching junit-platform-engine_1.10.2.jar from https://ftp.yz.yamagata-u.ac.jp/pub/eclipse/releases/2024-06/202406121000/plugins/ (200.02kB)
[2024-06-27 09:46:17] Fetching org.apache.felix.gogo.runtime_1.1.6.jar from https://ftp2.osuosl.org/pub/eclipse/releases/2024-06/202406121000/plugins/ (198.71kB)
[2024-06-27 09:46:17] Fetching org.eclipse.equinox.p2.repository_2.9.100.v20240511-1722.jar from https://ftp2.osuosl.org/pub/eclipse/releases/2024-06/202406121000/plugins/ (190.56kB)
[2024-06-27 09:46:17] Fetching junit-jupiter-api_5.10.2.jar from https://ftp.jaist.ac.jp/pub/eclipse/releases/2024-06/202406121000/plugins/
[2024-06-27 09:46:17] Fetching org.eclipse.emf.ecore.edit_2.14.0.v20230211-1150.jar from https://ftp2.osuosl.org/pub/eclipse/releases/2024-06/202406121000/plugins/ (188.09kB)
[2024-06-27 09:46:17] Fetching org.jacoco.core_0.8.12.202403310830.jar from https://ftp.jaist.ac.jp/pub/eclipse/releases/2024-06/202406121000/plugins/
[2024-06-27 09:46:17] Fetching org.eclipse.jdt.junit.core_3.13.200.v20240524-2038.jar from https://ftp2.osuosl.org/pub/eclipse/releases/2024-06/202406121000/plugins/ (186.2kB)
[2024-06-27 09:46:18] Fetching org.eclipse.ui.navigator.resources_3.9.300.v20240506-0929.jar from https://ftp.yz.yamagata-u.ac.jp/pub/eclipse/releases/2024-06/202406121000/plugins/ (181.68kB)
[2024-06-27 09:46:18] Fetching org.eclipse.ui.genericeditor_1.3.400.v20240511-1105.jar from https://ftp.yz.yamagata-u.ac.jp/pub/eclipse/releases/2024-06/202406121000/plugins/ (181.36kB)
[2024-06-27 09:46:18] Fetching org.eclipse.m2e.archetype.common_3.2.104.jar from https://ftp.yz.yamagata-u.ac.jp/pub/eclipse/releases/2024-06/202406121000/plugins/ (179.57kB)
[2024-06-27 09:46:18] Fetching junit-platform-launcher_1.10.2.jar from https://ftp.yz.yamagata-u.ac.jp/pub/eclipse/releases/2024-06/202406121000/plugins/ (179.51kB)
[2024-06-27 09:46:18] Fetching org.eclipse.ui.views.log_1.4.400.v20240424-0956.jar from https://ftp2.osuosl.org/pub/eclipse/releases/2024-06/202406121000/plugins/ (176.55kB)
[2024-06-27 09:46:18] Fetching org.eclipse.equinox.p2.artifact.repository_1.5.400.v20240416-0654.jar from https://ftp2.osuosl.org/pub/eclipse/releases/2024-06/202406121000/plugins/ (174.18kB)
[2024-06-27 09:46:19] Fetching org.eclipse.equinox.security.ui_1.4.300.v20240513-1104.jar from https://ftp2.osuosl.org/pub/eclipse/releases/2024-06/202406121000/plugins/ (173.99kB)
[2024-06-27 09:46:19] Fetching org.eclipse.mylyn.reviews.core_4.3.0.v20240509-0539.jar from https://ftp.jaist.ac.jp/pub/eclipse/releases/2024-06/202406121000/plugins/ (169.83kB)
[2024-06-27 09:46:19] Fetching org.eclipse.m2e.jdt_2.3.500.20240602-2342.jar from https://ftp2.osuosl.org/pub/eclipse/releases/2024-06/202406121000/plugins/ (167.04kB)
[2024-06-27 09:46:19] Fetching org.eclipse.emf.common.ui_2.22.0.v20231002-1020.jar from https://ftp.yz.yamagata-u.ac.jp/pub/eclipse/releases/2024-06/202406121000/plugins/ (166.89kB)
[2024-06-27 09:46:19] Fetching org.eclipse.core.databinding.property_1.10.300.v20240424-0444.jar from https://ftp.yz.yamagata-u.ac.jp/pub/eclipse/releases/2024-06/202406121000/plugins/ (166.07kB)
[2024-06-27 09:46:19] Fetching com.googlecode.javaewah.JavaEWAH_1.2.3.jar from https://ftp2.osuosl.org/pub/eclipse/releases/2024-06/202406121000/plugins/ (166.57kB)
[2024-06-27 09:46:20] Fetching org.eclipse.mylyn.context.ui_4.3.0.v20240602-0603.jar from https://ftp2.osuosl.org/pub/eclipse/releases/2024-06/202406121000/plugins/ (165.37kB)
[2024-06-27 09:46:20] Fetching org.eclipse.ant.launching_1.4.400.v20240413-1649.jar from https://ftp2.osuosl.org/pub/eclipse/releases/2024-06/202406121000/plugins/ (163.71kB)
[2024-06-27 09:46:20] Fetching org.eclipse.jdt.bcoview_1.2.400.v20240322-0935.jar from https://ftp.yz.yamagata-u.ac.jp/pub/eclipse/releases/2024-06/202406121000/plugins/ (163.02kB)
[2024-06-27 09:46:20] Fetching org.eclipse.mylyn.java.ui_4.3.0.v20240514-0726.jar from https://ftp.yz.yamagata-u.ac.jp/pub/eclipse/releases/2024-06/202406121000/plugins/ (162.76kB)
[2024-06-27 09:46:20] Fetching org.eclipse.mylyn.commons.workbench_4.3.0.v20240509-0539.jar from https://ftp2.osuosl.org/pub/eclipse/releases/2024-06/202406121000/plugins/ (161.14kB)
[2024-06-27 09:46:21] Fetching org.eclipse.equinox.p2.ui.discovery_1.3.300.v20240321-1450.jar from https://ftp.yz.yamagata-u.ac.jp/pub/eclipse/releases/2024-06/202406121000/plugins/ (158.79kB)
[2024-06-27 09:46:21] Fetching org.eclipse.equinox.common_3.19.100.v20240524-2011.jar from https://ftp.yz.yamagata-u.ac.jp/pub/eclipse/releases/2024-06/202406121000/plugins/ (159.51kB)
[2024-06-27 09:46:21] Fetching org.eclipse.nebula.cwt_1.0.0.201703081533.jar from https://ftp2.osuosl.org/pub/eclipse/releases/2024-06/202406121000/plugins/ (157.36kB)
[2024-06-27 09:46:21] Fetching org.eclipse.e4.ui.workbench.swt_0.17.400.v20240425-0840.jar from https://ftp2.osuosl.org/pub/eclipse/releases/2024-06/202406121000/plugins/ (151.01kB)
[2024-06-27 09:46:21] Fetching org.eclipse.m2e.archetype.maven-artifact-transfer_0.13.1.2.jar from https://ftp.jaist.ac.jp/pub/eclipse/releases/2024-06/202406121000/plugins/ (156.31kB)
[2024-06-27 09:46:21] Fetching org.eclipse.tm4e.languageconfiguration_0.12.0.202405210827.jar from https://ftp.jaist.ac.jp/pub/eclipse/releases/2024-06/202406121000/plugins/ (154.54kB)
[2024-06-27 09:46:22] Fetching org.apache.aries.spifly.dynamic.bundle_1.3.7.jar from https://ftp2.osuosl.org/pub/eclipse/releases/2024-06/202406121000/plugins/ (150.35kB)
[2024-06-27 09:46:22] Fetching org.eclipse.tips.core_0.3.400.v20240413-1529.jar from https://ftp2.osuosl.org/pub/eclipse/releases/2024-06/202406121000/plugins/ (149.59kB)
[2024-06-27 09:46:22] Fetching org.eclipse.m2e.archetype.maven-artifact-transfer_0.13.1.2.jar from https://ftp.jaist.ac.jp/pub/eclipse/releases/2024-06/202406121000/plugins/
[2024-06-27 09:46:22] Fetching org.eclipse.lsp4j.jsonrpc_0.23.1.v20240521-1815.jar from https://ftp2.osuosl.org/pub/eclipse/releases/2024-06/202406121000/plugins/ (148.42kB)
[2024-06-27 09:46:22] Fetching org.eclipse.equinox.launcher.win32.win32.x86_64_1.2.1000.v20240507-1834.jar from https://ftp2.osuosl.org/pub/eclipse/releases/2024-06/202406121000/plugins/ (146.27kB)
[2024-06-27 09:46:22] Fetching org.eclipse.ui.externaltools_3.6.400.v20240416-0654.jar from https://ftp.yz.yamagata-u.ac.jp/pub/eclipse/releases/2024-06/202406121000/plugins/ (143.88kB)
[2024-06-27 09:46:22] Fetching org.eclipse.jetty.security_12.0.9.jar from https://ftp.yz.yamagata-u.ac.jp/pub/eclipse/releases/2024-06/202406121000/plugins/ (141.86kB)
[2024-06-27 09:46:22] Fetching org.eclipse.jetty.ee8.servlet_12.0.9.jar from https://ftp.yz.yamagata-u.ac.jp/pub/eclipse/releases/2024-06/202406121000/plugins/ (141.38kB)
[2024-06-27 09:46:23] Fetching org.apache.batik.util_1.17.0.v20231215-1130.jar from https://ftp.yz.yamagata-u.ac.jp/pub/eclipse/releases/2024-06/202406121000/plugins/ (141kB)
[2024-06-27 09:46:23] Fetching org.eclipse.orbit.xml-apis-ext_1.0.0.v20230923-0644.jar from https://ftp2.osuosl.org/pub/eclipse/releases/2024-06/202406121000/plugins/ (140.72kB)
[2024-06-27 09:46:23] Fetching org.eclipse.equinox.p2.metadata.repository_1.5.400.v20240515-1919.jar from https://ftp.jaist.ac.jp/pub/eclipse/releases/2024-06/202406121000/plugins/ (139.07kB)
[2024-06-27 09:46:23] Fetching org.eclipse.equinox.console_1.4.800.v20240513-1104.jar from https://ftp2.osuosl.org/pub/eclipse/releases/2024-06/202406121000/plugins/ (137.11kB)
[2024-06-27 09:46:23] Fetching org.eclipse.ecf.provider.filetransfer_3.3.0.v20230422-0242.jar from https://ftp2.osuosl.org/pub/eclipse/releases/2024-06/202406121000/plugins/ (134.87kB)
[2024-06-27 09:46:23] Fetching org.eclipse.equinox.p2.touchpoint.eclipse_2.4.300.v20240511-1722.jar from https://ftp.jaist.ac.jp/pub/eclipse/releases/2024-06/202406121000/plugins/ (136.72kB)
[2024-06-27 09:46:24] Fetching org.eclipse.mylyn.team.ui_4.3.0.v20240602-0603.jar from https://ftp.yz.yamagata-u.ac.jp/pub/eclipse/releases/2024-06/202406121000/plugins/ (134.4kB)
[2024-06-27 09:46:24] Fetching jakarta.xml.bind_2.3.3.v20201118-1818.jar from https://ftp.yz.yamagata-u.ac.jp/pub/eclipse/releases/2024-06/202406121000/plugins/ (133.35kB)
[2024-06-27 09:46:24] Fetching org.eclipse.ecf_3.11.0.v20230507-1923.jar from https://ftp2.osuosl.org/pub/eclipse/releases/2024-06/202406121000/plugins/ (133.18kB)
[2024-06-27 09:46:24] Fetching org.eclipse.mylyn.context.core_4.3.0.v20240509-0539.jar from https://ftp2.osuosl.org/pub/eclipse/releases/2024-06/202406121000/plugins/ (132.98kB)
[2024-06-27 09:46:24] Fetching org.eclipse.equinox.p2.ui.importexport_1.4.400.v20240321-1450.jar from https://ftp2.osuosl.org/pub/eclipse/releases/2024-06/202406121000/plugins/ (131.62kB)
[2024-06-27 09:46:24] Fetching org.eclipse.ui.ide.application_1.5.400.v20240416-0658.jar from https://ftp2.osuosl.org/pub/eclipse/releases/2024-06/202406121000/plugins/ (130.42kB)
[2024-06-27 09:46:24] Fetching org.eclipse.mylyn.jenkins.core_4.3.0.v20240509-0539.jar from https://ftp.yz.yamagata-u.ac.jp/pub/eclipse/releases/2024-06/202406121000/plugins/ (129.32kB)
[2024-06-27 09:46:25] Fetching org.apache.xmlrpc.common_3.1.3.v20181004-1955.jar from https://ftp.yz.yamagata-u.ac.jp/pub/eclipse/releases/2024-06/202406121000/plugins/ (129.32kB)
[2024-06-27 09:46:25] Fetching org.jacoco.report_0.8.12.202403310830.jar from https://ftp.yz.yamagata-u.ac.jp/pub/eclipse/releases/2024-06/202406121000/plugins/ (128.03kB)
[2024-06-27 09:46:25] Fetching org.eclipse.mylyn.commons.core_4.3.0.v20240602-0603.jar from https://ftp2.osuosl.org/pub/eclipse/releases/2024-06/202406121000/plugins/ (127.69kB)
[2024-06-27 09:46:25] Fetching org.eclipse.equinox.preferences_3.11.100.v20240327-0645.jar from https://ftp.yz.yamagata-u.ac.jp/pub/eclipse/releases/2024-06/202406121000/plugins/ (125.24kB)
[2024-06-27 09:46:25] Fetching org.eclipse.wst.common.frameworks_1.3.0.v202308161955.jar from https://ftp2.osuosl.org/pub/eclipse/releases/2024-06/202406121000/plugins/ (127.49kB)
[2024-06-27 09:46:25] Fetching org.eclipse.m2e.launching_2.0.602.20240411-1122.jar from https://ftp.jaist.ac.jp/pub/eclipse/releases/2024-06/202406121000/plugins/ (124.26kB)
[2024-06-27 09:46:26] Fetching org.objectweb.asm_9.7.0.jar from https://ftp2.osuosl.org/pub/eclipse/releases/2024-06/202406121000/plugins/ (122.49kB)
[2024-06-27 09:46:26] Fetching org.eclipse.ecf.provider.jmdns_4.4.0.v20231021-2050.jar from https://ftp2.osuosl.org/pub/eclipse/releases/2024-06/202406121000/plugins/ (118.96kB)
[2024-06-27 09:46:26] Fetching org.eclipse.e4.ui.workbench.addons.swt_1.5.400.v20240416-0658.jar from https://ftp2.osuosl.org/pub/eclipse/releases/2024-06/202406121000/plugins/ (121.06kB)
[2024-06-27 09:46:26] Fetching org.hamcrest_2.2.0.jar from https://ftp.yz.yamagata-u.ac.jp/pub/eclipse/releases/2024-06/202406121000/plugins/ (120.47kB)
[2024-06-27 09:46:26] Fetching org.eclipse.core.commands_3.12.100.v20240424-0956.jar from https://ftp.yz.yamagata-u.ac.jp/pub/eclipse/releases/2024-06/202406121000/plugins/ (117.84kB)
[2024-06-27 09:46:26] Fetching org.eclipse.core.filebuffers_3.8.300.v20240207-1054.jar from https://ftp2.osuosl.org/pub/eclipse/releases/2024-06/202406121000/plugins/ (116.92kB)
[2024-06-27 09:46:26] Fetching org.eclipse.equinox.security_1.4.300.v20240419-2334.jar from https://ftp.yz.yamagata-u.ac.jp/pub/eclipse/releases/2024-06/202406121000/plugins/ (116.3kB)
[2024-06-27 09:46:26] Fetching org.eclipse.core.jobs_3.15.300.v20240418-0734.jar from https://ftp.yz.yamagata-u.ac.jp/pub/eclipse/releases/2024-06/202406121000/plugins/ (115.89kB)
[2024-06-27 09:46:26] Fetching org.eclipse.userstorage_1.2.0.v20210517-0327.jar from https://ftp2.osuosl.org/pub/eclipse/releases/2024-06/202406121000/plugins/ (116.18kB)
[2024-06-27 09:46:27] Fetching org.eclipse.jetty.session_12.0.9.jar from https://ftp.jaist.ac.jp/pub/eclipse/releases/2024-06/202406121000/plugins/ (114.34kB)
[2024-06-27 09:46:27] Fetching org.eclipse.equinox.p2.director_2.6.400.v20240321-1450.jar from https://ftp.jaist.ac.jp/pub/eclipse/releases/2024-06/202406121000/plugins/ (113.37kB)
[2024-06-27 09:46:27] Fetching org.eclipse.nebula.widgets.cdatetime_1.5.0.202312260654.jar from https://ftp2.osuosl.org/pub/eclipse/releases/2024-06/202406121000/plugins/ (111.9kB)
[2024-06-27 09:46:27] Fetching org.tukaani.xz_1.9.0.jar from https://ftp2.osuosl.org/pub/eclipse/releases/2024-06/202406121000/plugins/ (113.29kB)
[2024-06-27 09:46:28] Fetching org.eclipse.equinox.p2.ui.sdk.scheduler_1.6.300.v20240515-1919.jar from https://ftp2.osuosl.org/pub/eclipse/releases/2024-06/202406121000/plugins/ (110.09kB)
[2024-06-27 09:46:28] Fetching org.eclipse.ui.views.properties.tabbed_3.10.300.v20240424-0956.jar from https://ftp2.osuosl.org/pub/eclipse/releases/2024-06/202406121000/plugins/ (110.81kB)
[2024-06-27 09:46:28] Fetching org.eclipse.equinox.p2.ui.sdk.scheduler_1.6.300.v20240515-1919.jar from https://ftp2.osuosl.org/pub/eclipse/releases/2024-06/202406121000/plugins/ (110.09kB)
[2024-06-27 09:46:28] Fetching org.eclipse.ui.views_3.12.300.v20240524-2010.jar from https://ftp.yz.yamagata-u.ac.jp/pub/eclipse/releases/2024-06/202406121000/plugins/ (109.17kB)
[2024-06-27 09:46:28] Fetching org.eclipse.ant.core_3.7.400.v20240413-1529.jar from https://ftp2.osuosl.org/pub/eclipse/releases/2024-06/202406121000/plugins/ (109.58kB)
[2024-06-27 09:46:28] Fetching org.eclipse.mylyn.wikitext.asciidoc_4.3.0.v20240602-0603.jar from https://ftp2.osuosl.org/pub/eclipse/releases/2024-06/202406121000/plugins/ (108.48kB)
[2024-06-27 09:46:28] Fetching org.eclipse.mylyn.context.tasks.ui_4.3.0.v20240602-0603.jar from https://ftp.yz.yamagata-u.ac.jp/pub/eclipse/releases/2024-06/202406121000/plugins/ (106.52kB)
[2024-06-27 09:46:28] Fetching org.eclipse.equinox.p2.publisher_1.9.200.v20240429-0755.jar from https://ftp.yz.yamagata-u.ac.jp/pub/eclipse/releases/2024-06/202406121000/plugins/ (105.63kB)
[2024-06-27 09:46:28] Fetching org.eclipse.equinox.p2.updatesite_1.3.400.v20240321-1450.jar from https://ftp.yz.yamagata-u.ac.jp/pub/eclipse/releases/2024-06/202406121000/plugins/ (104.22kB)
[2024-06-27 09:46:29] Fetching junit-platform-commons_1.10.2.jar from https://ftp.jaist.ac.jp/pub/eclipse/releases/2024-06/202406121000/plugins/ (103.74kB)
[2024-06-27 09:46:29] Fetching org.eclipse.eclemma.core_3.1.9.202405260028.jar from https://ftp2.osuosl.org/pub/eclipse/releases/2024-06/202406121000/plugins/ (103.4kB)
[2024-06-27 09:46:29] Fetching org.eclipse.core.contenttype_3.9.400.v20240507-1301.jar from https://ftp2.osuosl.org/pub/eclipse/releases/2024-06/202406121000/plugins/ (103.28kB)
[2024-06-27 09:46:29] Fetching org.eclipse.update.configurator_3.5.400.v20240416-0654.jar from https://ftp2.osuosl.org/pub/eclipse/releases/2024-06/202406121000/plugins/ (99.81kB)
[2024-06-27 09:46:30] Fetching org.eclipse.text.quicksearch_1.2.400.v20240321-1245.jar from https://ftp2.osuosl.org/pub/eclipse/releases/2024-06/202406121000/plugins/ (98.32kB)
[2024-06-27 09:46:30] Fetching org.eclipse.mylyn.reviews.edit_4.3.0.v20240509-0539.jar from https://ftp.yz.yamagata-u.ac.jp/pub/eclipse/releases/2024-06/202406121000/plugins/ (97.54kB)
[2024-06-27 09:46:30] Fetching org.osgi.service.http.whiteboard_1.1.1.202109301733.jar from https://ftp.yz.yamagata-u.ac.jp/pub/eclipse/releases/2024-06/202406121000/plugins/ (97.27kB)
[2024-06-27 09:46:30] Fetching org.eclipse.core.expressions_3.9.400.v20240413-1529.jar from https://ftp.yz.yamagata-u.ac.jp/pub/eclipse/releases/2024-06/202406121000/plugins/ (95.4kB)
[2024-06-27 09:46:30] Fetching org.eclipse.jsch.ui_1.5.400.v20240413-1529.jar from https://ftp.yz.yamagata-u.ac.jp/pub/eclipse/releases/2024-06/202406121000/plugins/ (96.23kB)
[2024-06-27 09:46:30] Fetching org.eclipse.mylyn.tasks.bugs_4.3.0.v20240509-0539.jar from https://ftp2.osuosl.org/pub/eclipse/releases/2024-06/202406121000/plugins/ (95.36kB)
[2024-06-27 09:46:30] Fetching org.eclipse.mylyn.commons.repositories.ui_4.3.0.v20240602-0603.jar from https://ftp2.osuosl.org/pub/eclipse/releases/2024-06/202406121000/plugins/ (94.67kB)
[2024-06-27 09:46:30] Fetching org.eclipse.mylyn.commons.screenshots_4.3.0.v20240509-0539.jar from https://ftp.jaist.ac.jp/pub/eclipse/releases/2024-06/202406121000/plugins/ (95.31kB)
[2024-06-27 09:46:31] Fetching org.apache.xml.resolver_1.2.0.v20230928-1222.jar from https://ftp2.osuosl.org/pub/eclipse/releases/2024-06/202406121000/plugins/ (93.76kB)
[2024-06-27 09:46:31] Fetching org.eclipse.mylyn.wikitext.confluence_4.3.0.v20240602-0603.jar from https://ftp.yz.yamagata-u.ac.jp/pub/eclipse/releases/2024-06/202406121000/plugins/ (91.61kB)
[2024-06-27 09:46:31] Fetching org.objectweb.asm.util_9.7.0.jar from https://ftp2.osuosl.org/pub/eclipse/releases/2024-06/202406121000/plugins/ (91.59kB)
[2024-06-27 09:46:31] Fetching org.eclipse.emf.databinding_1.8.0.v20231208-1346.jar from https://ftp2.osuosl.org/pub/eclipse/releases/2024-06/202406121000/plugins/ (93.38kB)
[2024-06-27 09:46:31] Fetching org.eclipse.equinox.app_1.7.100.v20240321-1445.jar from https://ftp2.osuosl.org/pub/eclipse/releases/2024-06/202406121000/plugins/ (92.03kB)
[2024-06-27 09:46:31] Fetching org.eclipse.equinox.p2.touchpoint.natives_1.5.300.v20240423-0755.jar from https://ftp2.osuosl.org/pub/eclipse/releases/2024-06/202406121000/plugins/ (90.01kB)
[2024-06-27 09:46:31] Fetching org.eclipse.emf.ecore.change_2.16.0.v20231208-1346.jar from https://ftp.yz.yamagata-u.ac.jp/pub/eclipse/releases/2024-06/202406121000/plugins/ (91.5kB)
[2024-06-27 09:46:32] Fetching org.eclipse.debug.ui.launchview_1.1.500.v20240415-0528.jar from https://ftp2.osuosl.org/pub/eclipse/releases/2024-06/202406121000/plugins/ (89kB)
[2024-06-27 09:46:32] Fetching org.eclipse.ecf.provider.filetransfer.httpclientjava_2.0.200.v20231114-1017.jar from https://ftp.yz.yamagata-u.ac.jp/pub/eclipse/releases/2024-06/202406121000/plugins/ (91.29kB)
[2024-06-27 09:46:32] Fetching org.eclipse.mylyn.commons.net_4.3.0.v20240509-0539.jar from https://ftp2.osuosl.org/pub/eclipse/releases/2024-06/202406121000/plugins/ (85.92kB)
[2024-06-27 09:46:32] Fetching org.eclipse.mylyn.wikitext.textile_4.3.0.v20240602-0603.jar from https://ftp.yz.yamagata-u.ac.jp/pub/eclipse/releases/2024-06/202406121000/plugins/ (89.13kB)
[2024-06-27 09:46:32] Fetching org.eclipse.userstorage.ui_1.1.0.v20190307-0457.jar from https://ftp.yz.yamagata-u.ac.jp/pub/eclipse/releases/2024-06/202406121000/plugins/ (44.88kB)
[2024-06-27 09:46:32] Fetching org.eclipse.ecf.provider.filetransfer.httpclient5_1.1.0.v20230423-0417.jar from https://ftp.yz.yamagata-u.ac.jp/pub/eclipse/releases/2024-06/202406121000/plugins/ (84.98kB)
[2024-06-27 09:46:32] Fetching org.eclipse.jdt_3.19.500.v20240601-0610.jar from https://ftp2.osuosl.org/pub/eclipse/releases/2024-06/202406121000/plugins/ (46.15kB)
[2024-06-27 09:46:32] Fetching javax.activation_1.2.2.v20221203-1659.jar from https://ftp2.osuosl.org/pub/eclipse/releases/2024-06/202406121000/plugins/ (85.08kB)
[2024-06-27 09:46:32] Fetching org.eclipse.tm.terminal.view.core_4.10.300.202403071917.jar from https://ftp2.osuosl.org/pub/eclipse/releases/2024-06/202406121000/plugins/ (45.58kB)
[2024-06-27 09:46:32] Fetching org.eclipse.m2e.apt.ui_2.0.402.20240411-1122.jar from https://ftp2.osuosl.org/pub/eclipse/releases/2024-06/202406121000/plugins/ (45.19kB)
[2024-06-27 09:46:33] Fetching org.apache.ws.commons.util_1.0.2.v20230723-0712.jar from https://ftp.yz.yamagata-u.ac.jp/pub/eclipse/releases/2024-06/202406121000/plugins/ (43.94kB)
[2024-06-27 09:46:33] Fetching org.eclipse.mylyn.monitor.core_4.3.0.v20240509-0539.jar from https://ftp2.osuosl.org/pub/eclipse/releases/2024-06/202406121000/plugins/ (42.98kB)
[2024-06-27 09:46:33] Fetching org.eclipse.m2e.profiles.ui_2.0.302.20240411-1122.jar from https://ftp2.osuosl.org/pub/eclipse/releases/2024-06/202406121000/plugins/ (43.14kB)
[2024-06-27 09:46:33] Fetching org.eclipse.mylyn.monitor.core_4.3.0.v20240509-0539.jar from https://ftp2.osuosl.org/pub/eclipse/releases/2024-06/202406121000/plugins/ (42.98kB)
[2024-06-27 09:46:33] Fetching org.eclipse.jsch.core_1.5.400.v20240413-1649.jar from https://ftp.yz.yamagata-u.ac.jp/pub/eclipse/releases/2024-06/202406121000/plugins/ (43.53kB)
[2024-06-27 09:46:33] Fetching org.osgi.service.wireadmin_1.0.2.202109301733.jar from https://ftp.yz.yamagata-u.ac.jp/pub/eclipse/releases/2024-06/202406121000/plugins/ (42.85kB)
[2024-06-27 09:46:33] Fetching org.eclipse.compare.win32_1.3.400.v20240514-1716.jar from https://ftp.yz.yamagata-u.ac.jp/pub/eclipse/releases/2024-06/202406121000/plugins/ (43.28kB)
[2024-06-27 09:46:33] Fetching org.eclipse.core.externaltools_1.3.400.v20240413-1529.jar from https://ftp.jaist.ac.jp/pub/eclipse/releases/2024-06/202406121000/plugins/ (42.82kB)
[2024-06-27 09:46:34] Fetching org.eclipse.tm4e.registry_0.12.0.202405210827.jar from https://ftp2.osuosl.org/pub/eclipse/releases/2024-06/202406121000/plugins/ (42.22kB)
[2024-06-27 09:46:34] Fetching org.eclipse.jdt.apt.pluggable.core_1.4.400.v20240321-1252.jar from https://ftp2.osuosl.org/pub/eclipse/releases/2024-06/202406121000/plugins/ (42.18kB)
[2024-06-27 09:46:34] Fetching org.eclipse.e4.core.di.extensions.supplier_0.17.500.v20240419-1233.jar from https://ftp2.osuosl.org/pub/eclipse/releases/2024-06/202406121000/plugins/ (41.54kB)
[2024-06-27 09:46:34] Fetching org.eclipse.jgit.ssh.apache.agent_6.10.0.202406032230-r.jar from https://ftp2.osuosl.org/pub/eclipse/releases/2024-06/202406121000/plugins/ (41.48kB)
[2024-06-27 09:46:34] Fetching org.eclipse.mylyn.commons.xmlrpc_4.3.0.v20240509-0539.jar from https://ftp.jaist.ac.jp/pub/eclipse/releases/2024-06/202406121000/plugins/ (40.77kB)
[2024-06-27 09:46:34] Fetching org.eclipse.equinox.p2.discovery_1.3.300.v20240321-1450.jar from https://ftp.jaist.ac.jp/pub/eclipse/releases/2024-06/202406121000/plugins/ (40.14kB)
[2024-06-27 09:46:34] Fetching org.eclipse.mylyn.debug.ui_4.3.0.v20240509-0539.jar from https://ftp.yz.yamagata-u.ac.jp/pub/eclipse/releases/2024-06/202406121000/plugins/ (40.03kB)
[2024-06-27 09:46:35] Fetching org.eclipse.mylyn.commons.repositories.http.core_4.3.0.v20240509-0539.jar from https://ftp.yz.yamagata-u.ac.jp/pub/eclipse/releases/2024-06/202406121000/plugins/ (39.68kB)
[2024-06-27 09:46:35] Fetching org.eclipse.m2e.jdt.ui_2.0.401.20240411-1122.jar from https://ftp.yz.yamagata-u.ac.jp/pub/eclipse/releases/2024-06/202406121000/plugins/ (39.96kB)
[2024-06-27 09:46:36] Mirrored 154 artifacts from https://ftp2.osuosl.org/pub/eclipse/releases/2024-06/202406121000/ at 120kb/s
[2024-06-27 09:46:36] Mirrored 165 artifacts from https://ftp.yz.yamagata-u.ac.jp/pub/eclipse/releases/2024-06/202406121000/ at 112kb/s
[2024-06-27 09:46:36] Mirrored 28 artifacts from https://ftp.jaist.ac.jp/pub/eclipse/releases/2024-06/202406121000/ at 101kb/s
[2024-06-27 09:46:36] Mirrored 1 artifacts from https://mirrors.xmission.com/eclipse/releases/2024-06/202406121000/ at 16kb/s
[2024-06-27 09:46:36] Mirrored 1 artifacts from https://download.eclipse.org/releases/2024-06/202406121000/ at 16kb/s
[2024-06-27 09:46:36] Mirrored 1 artifacts from https://eclipse.mirror.rafal.ca/releases/2024-06/202406121000/ at 14kb/s
[2024-06-27 09:46:36] Mirrored 1 artifacts from https://mirror.clarkson.edu/eclipse/releases/2024-06/202406121000/ at 14kb/s
[2024-06-27 09:46:36] Mirrored 1 artifacts from https://ftp.yz.yamagata-u.ac.jp/pub/eclipse//releases/2024-06/202406121000/ at 9kb/s
[2024-06-27 09:46:36] Mirrored 1 artifacts from https://mirror.umd.edu/eclipse/releases/2024-06/202406121000/ at 8kb/s
[2024-06-27 09:46:36] Mirrored 1 artifacts from https://mirror.library.ucy.ac.cy/eclipse/releases/2024-06/202406121000/ at 8kb/s
[2024-06-27 09:46:36] Mirrored 1 artifacts from https://mirror.kakao.com/eclipse/releases/2024-06/202406121000/ at 1kb/s
[2024-06-27 09:46:36] Collected 355 artifacts for https://download.eclipse.org/releases/2024-06/202406121000 in 49.156s
[2024-06-27 09:46:36] Collecting 5 artifacts from https://download.eclipse.org/technology/epp/packages/2024-06/202406061200
[2024-06-27 09:46:37] Fetching epp.package.java.executable.win32.win32.x86_64_4.32.0.20240606-1231 from https://download.eclipse.org/technology/epp/packages/2024-06/202406061200/binary/ (278.61kB)
[2024-06-27 09:46:37] Fetching org.eclipse.epp.package.common_4.32.0.20240606-1231.jar from https://download.eclipse.org/technology/epp/packages/2024-06/202406061200/plugins/ (259.06kB)
[2024-06-27 09:46:37] Fetching epp.package.java.executable.win32.win32.x86_64_4.32.0.20240606-1231 from https://download.eclipse.org/technology/epp/packages/2024-06/202406061200/binary/ (278.61kB)
[2024-06-27 09:46:37] Fetching org.eclipse.epp.package.java_4.32.0.20240606-0749.jar from https://download.eclipse.org/technology/epp/packages/2024-06/202406061200/plugins/ (275.51kB)
[2024-06-27 09:46:37] Fetching org.eclipse.epp.package.common.feature_4.32.0.20240606-1231.jar from https://download.eclipse.org/technology/epp/packages/2024-06/202406061200/features/ (22.83kB)
[2024-06-27 09:46:37] Fetching org.eclipse.epp.package.java.feature_4.32.0.20240606-0749.jar from https://download.eclipse.org/technology/epp/packages/2024-06/202406061200/features/ (22.67kB)
[2024-06-27 09:46:38] Fetching org.eclipse.epp.package.common_4.32.0.20240606-1231.jar from https://download.eclipse.org/technology/epp/packages/2024-06/202406061200/plugins/
[2024-06-27 09:46:38] Fetching epp.package.java.executable.win32.win32.x86_64_4.32.0.20240606-1231 from https://download.eclipse.org/technology/epp/packages/2024-06/202406061200/binary/
[2024-06-27 09:46:38] Fetching org.eclipse.epp.package.java_4.32.0.20240606-0749.jar from https://download.eclipse.org/technology/epp/packages/2024-06/202406061200/plugins/
[2024-06-27 09:46:40] Mirrored 5 artifacts from https://download.eclipse.org/technology/epp/packages/2024-06/202406061200/ at 57kb/s
[2024-06-27 09:46:40] Collected 5 artifacts for https://download.eclipse.org/technology/epp/packages/2024-06/202406061200 in 4.526s
[2024-06-27 09:47:31] Installing bcpg [1.78.1]
[2024-06-27 09:47:31] Installing bcpkix [1.78.1]
[2024-06-27 09:47:31] Installing bcprov [1.78.1]
[2024-06-27 09:47:31] Installing bcutil [1.78.1]
[2024-06-27 09:47:31] Installing ch.qos.logback.classic [1.5.6]
[2024-06-27 09:47:31] Installing ch.qos.logback.core [1.5.6]
[2024-06-27 09:47:31] Installing com.google.gson [2.11.0]
[2024-06-27 09:47:31] Installing com.google.guava [33.2.0.jre]
[2024-06-27 09:47:31] Installing com.google.guava.failureaccess [1.0.2]
[2024-06-27 09:47:31] Installing com.googlecode.javaewah.JavaEWAH [1.2.3]
[2024-06-27 09:47:31] Installing com.ibm.icu [75.1.0]
[2024-06-27 09:47:31] Installing com.jcraft.jsch [0.1.55.v20230916-1400]
[2024-06-27 09:47:31] Installing com.mountainminds.eclemma.core [3.1.9.202405260028]
[2024-06-27 09:47:31] Installing com.sun.el.javax.el [3.0.4]
[2024-06-27 09:47:31] Installing com.sun.jna [5.14.0.v20231211-1200]
[2024-06-27 09:47:31] Installing com.sun.jna.platform [5.14.0]
[2024-06-27 09:47:31] Installing com.sun.xml.bind [2.3.3.v20221203-1659]
[2024-06-27 09:47:31] Installing configure.logback.classic [2.6.1.20240411-1743]
[2024-06-27 09:47:31] Installing epp.package.java [4.32.0.20240606-1231]
[2024-06-27 09:47:31] Installing epp.package.java.executable.win32.win32.x86_64 [4.32.0.20240606-1231]
[2024-06-27 09:47:32] Installing epp.package.java.executable.win32.win32.x86_64.eclipse [4.32.0.20240606-1231]
[2024-06-27 09:47:32] Installing jakarta.annotation-api [2.1.1]
[2024-06-27 09:47:32] Installing jakarta.inject.jakarta.inject-api [1.0.5]
[2024-06-27 09:47:32] Installing jakarta.xml.bind [2.3.3.v20201118-1818]
[2024-06-27 09:47:32] Installing javax.activation [1.2.2.v20221203-1659]
[2024-06-27 09:47:32] Installing javax.annotation [1.3.5.v20200909-1856]
[2024-06-27 09:47:32] Installing javax.xml [1.3.4.v201005080400]
[2024-06-27 09:47:32] Installing jaxen [2.0.0]
[2024-06-27 09:47:32] Installing junit-jupiter-api [5.10.2]
[2024-06-27 09:47:32] Installing junit-jupiter-engine [5.10.2]
[2024-06-27 09:47:32] Installing junit-jupiter-migrationsupport [5.10.2]
[2024-06-27 09:47:32] Installing junit-jupiter-params [5.10.2]
[2024-06-27 09:47:32] Installing junit-platform-commons [1.10.2]
[2024-06-27 09:47:32] Installing junit-platform-engine [1.10.2]
[2024-06-27 09:47:32] Installing junit-platform-launcher [1.10.2]
[2024-06-27 09:47:32] Installing junit-platform-runner [1.10.2]
[2024-06-27 09:47:32] Installing junit-platform-suite-api [1.10.2]
[2024-06-27 09:47:32] Installing junit-platform-suite-commons [1.10.2]
[2024-06-27 09:47:32] Installing junit-platform-suite-engine [1.10.2]
[2024-06-27 09:47:32] Installing junit-vintage-engine [5.10.2]
[2024-06-27 09:47:32] Installing net.bytebuddy.byte-buddy-agent [1.14.16]
[2024-06-27 09:47:32] Installing net.i2p.crypto.eddsa [0.3.0]
[2024-06-27 09:47:32] Installing org.apache.ant [1.10.14.v20230922-1200]
[2024-06-27 09:47:32] Installing org.apache.aries.spifly.dynamic.bundle [1.3.7]
[2024-06-27 09:47:32] Installing org.apache.batik.constants [1.17.0.v20231215-1130]
[2024-06-27 09:47:32] Installing org.apache.batik.css [1.17.0.v20231215-1130]
[2024-06-27 09:47:32] Installing org.apache.batik.i18n [1.17.0.v20231215-1130]
[2024-06-27 09:47:32] Installing org.apache.batik.util [1.17.0.v20231215-1130]
[2024-06-27 09:47:32] Installing org.apache.commons.cli [1.8.0]
[2024-06-27 09:47:32] Installing org.apache.commons.commons-codec [1.16.0]
[2024-06-27 09:47:32] Installing org.apache.commons.commons-collections4 [4.4.0]
[2024-06-27 09:47:32] Installing org.apache.commons.commons-compress [1.26.2]
[2024-06-27 09:47:32] Installing org.apache.commons.commons-io [2.16.1]
[2024-06-27 09:47:32] Installing org.apache.commons.httpclient [3.1.0.v20240401-1000]
[2024-06-27 09:47:32] Installing org.apache.commons.jxpath [1.3.0.v200911051830]
[2024-06-27 09:47:32] Installing org.apache.commons.lang3 [3.14.0]
[2024-06-27 09:47:32] Installing org.apache.commons.logging [1.2.0.v20180409-1502]
[2024-06-27 09:47:32] Installing org.apache.felix.gogo.command [1.1.2]
[2024-06-27 09:47:32] Installing org.apache.felix.gogo.runtime [1.1.6]
[2024-06-27 09:47:32] Installing org.apache.felix.gogo.shell [1.1.4]
[2024-06-27 09:47:32] Installing org.apache.felix.scr [2.2.10]
[2024-06-27 09:47:32] Installing org.apache.httpcomponents.client5.httpclient5 [5.2.1.v20230802-0806]
[2024-06-27 09:47:32] Installing org.apache.httpcomponents.client5.httpclient5-win [5.2.1.v20230802-0847]
[2024-06-27 09:47:32] Installing org.apache.httpcomponents.core5.httpcore5 [5.2.3.v20230922-1600]
[2024-06-27 09:47:32] Installing org.apache.httpcomponents.core5.httpcore5-h2 [5.2.3.v20230922-1600]
[2024-06-27 09:47:32] Installing org.apache.httpcomponents.httpclient [4.5.14]
[2024-06-27 09:47:32] Installing org.apache.httpcomponents.httpcore [4.4.16.v20221207-1049]
[2024-06-27 09:47:32] Installing org.apache.lucene.analysis-common [9.10.0.v20240221-0830]
[2024-06-27 09:47:32] Installing org.apache.lucene.analysis-smartcn [9.10.0.v20240221-0830]
[2024-06-27 09:47:32] Installing org.apache.lucene.core [9.10.0.v20240221-0830]
[2024-06-27 09:47:32] Installing org.apache.lucene.queries [9.10.0.v20240221-0830]
[2024-06-27 09:47:32] Installing org.apache.lucene.queryparser [9.10.0.v20240221-0830]
[2024-06-27 09:47:32] Installing org.apache.lucene.sandbox [9.10.0.v20240221-0830]
[2024-06-27 09:47:32] Installing org.apache.sshd.osgi [2.12.1]
[2024-06-27 09:47:32] Installing org.apache.sshd.sftp [2.12.1]
[2024-06-27 09:47:32] Installing org.apache.tika.core [2.9.2]
[2024-06-27 09:47:32] Installing org.apache.ws.commons.util [1.0.2.v20230723-0712]
[2024-06-27 09:47:32] Installing org.apache.xerces [2.12.2.v20230928-1306]
[2024-06-27 09:47:32] Installing org.apache.xml.resolver [1.2.0.v20230928-1222]
[2024-06-27 09:47:32] Installing org.apache.xmlgraphics [2.9.0.v20230916-1600]
[2024-06-27 09:47:32] Installing org.apache.xmlrpc.client [3.1.3.v20160817-1930]
[2024-06-27 09:47:32] Installing org.apache.xmlrpc.common [3.1.3.v20181004-1955]
[2024-06-27 09:47:32] Installing org.apiguardian.api [1.1.2]
[2024-06-27 09:47:32] Installing org.eclipse.ant.core [3.7.400.v20240413-1529]
[2024-06-27 09:47:32] Installing org.eclipse.ant.launching [1.4.400.v20240413-1649]
[2024-06-27 09:47:32] Installing org.eclipse.ant.ui [3.9.400.v20240419-1233]
[2024-06-27 09:47:32] Installing org.eclipse.buildship.branding [3.1.9.v20240115-1636]
[2024-06-27 09:47:32] Installing org.eclipse.buildship.compat [3.1.9.v20240115-1636]
[2024-06-27 09:47:32] Installing org.eclipse.buildship.core [3.1.9.v20240115-1636]
[2024-06-27 09:47:32] Installing org.eclipse.buildship.feature.group [3.1.9.v20240115-1636]
[2024-06-27 09:47:32] Installing org.eclipse.buildship.feature.jar [3.1.9.v20240115-1636]
[2024-06-27 09:47:32] Installing org.eclipse.buildship.ui [3.1.9.v20240115-1636]
[2024-06-27 09:47:32] Installing org.eclipse.cdt.core.native [6.3.400.202404270026]
[2024-06-27 09:47:32] Installing org.eclipse.cdt.core.win32 [6.1.100.202402230238]
[2024-06-27 09:47:32] Installing org.eclipse.cdt.core.win32.x86_64 [11.6.0.202406041555]
[2024-06-27 09:47:32] Installing org.eclipse.compare [3.11.0.v20240524-2010]
[2024-06-27 09:47:32] Installing org.eclipse.compare.core [3.8.500.v20240524-2010]
[2024-06-27 09:47:32] Installing org.eclipse.compare.win32 [1.3.400.v20240514-1716]
[2024-06-27 09:47:32] Installing org.eclipse.core.commands [3.12.100.v20240424-0956]
[2024-06-27 09:47:32] Installing org.eclipse.core.contenttype [3.9.400.v20240507-1301]
[2024-06-27 09:47:32] Installing org.eclipse.core.databinding [1.13.300.v20240424-0444]
[2024-06-27 09:47:32] Installing org.eclipse.core.databinding.beans [1.10.300.v20240321-1245]
[2024-06-27 09:47:32] Installing org.eclipse.core.databinding.observable [1.13.300.v20240424-0444]
[2024-06-27 09:47:32] Installing org.eclipse.core.databinding.property [1.10.300.v20240424-0444]
[2024-06-27 09:47:32] Installing org.eclipse.core.expressions [3.9.400.v20240413-1529]
[2024-06-27 09:47:32] Installing org.eclipse.core.externaltools [1.3.400.v20240413-1529]
[2024-06-27 09:47:32] Installing org.eclipse.core.filebuffers [3.8.300.v20240207-1054]
[2024-06-27 09:47:32] Installing org.eclipse.core.filesystem [1.10.400.v20240426-1040]
[2024-06-27 09:47:32] Installing org.eclipse.core.filesystem.win32.x86_64 [1.4.300.v20220812-1420]
[2024-06-27 09:47:32] Installing org.eclipse.core.jobs [3.15.300.v20240418-0734]
[2024-06-27 09:47:32] Installing org.eclipse.core.net [1.5.400.v20240413-1529]
[2024-06-27 09:47:32] Installing org.eclipse.core.net.win32 [1.1.400.v20240414-0911]
[2024-06-27 09:47:32] Installing org.eclipse.core.resources [3.20.200.v20240513-1323]
[2024-06-27 09:47:32] Installing org.eclipse.core.resources.win32.x86_64 [3.5.500.v20220812-1420]
[2024-06-27 09:47:32] Installing org.eclipse.core.runtime [3.31.100.v20240524-2010]
[2024-06-27 09:47:32] Installing org.eclipse.core.variables [3.6.400.v20240413-1529]
[2024-06-27 09:47:32] Installing org.eclipse.debug.core [3.21.400.v20240415-0528]
[2024-06-27 09:47:33] Installing org.eclipse.debug.ui [3.18.400.v20240516-0857]
[2024-06-27 09:47:33] Installing org.eclipse.debug.ui.launchview [1.1.500.v20240415-0528]
[2024-06-27 09:47:33] Installing org.eclipse.e4.core.commands [1.1.400.v20240424-0444]
[2024-06-27 09:47:33] Installing org.eclipse.e4.core.contexts [1.12.600.v20240413-1529]
[2024-06-27 09:47:33] Installing org.eclipse.e4.core.di [1.9.400.v20240414-1643]
[2024-06-27 09:47:33] Installing org.eclipse.e4.core.di.annotations [1.8.400.v20240413-1529]
[2024-06-27 09:47:33] Installing org.eclipse.e4.core.di.extensions [0.18.300.v20240413-1529]
[2024-06-27 09:47:33] Installing org.eclipse.e4.core.di.extensions.supplier [0.17.500.v20240419-1233]
[2024-06-27 09:47:33] Installing org.eclipse.e4.core.services [2.4.400.v20240413-1529]
[2024-06-27 09:47:33] Installing org.eclipse.e4.emf.xpath [0.4.300.v20240321-1245]
[2024-06-27 09:47:33] Installing org.eclipse.e4.rcp.feature.group [4.32.0.v20240528-0813]
[2024-06-27 09:47:33] Installing org.eclipse.e4.rcp.feature.jar [4.32.0.v20240528-0813]
[2024-06-27 09:47:33] Installing org.eclipse.e4.ui.bindings [0.14.400.v20240321-1245]
[2024-06-27 09:47:33] Installing org.eclipse.e4.ui.css.core [0.14.400.v20240427-1520]
[2024-06-27 09:47:33] Installing org.eclipse.e4.ui.css.swt [0.15.400.v20240321-1245]
[2024-06-27 09:47:33] Installing org.eclipse.e4.ui.css.swt.theme [0.14.400.v20240424-0956]
[2024-06-27 09:47:33] Installing org.eclipse.e4.ui.di [1.5.400.v20240321-1245]
[2024-06-27 09:47:33] Installing org.eclipse.e4.ui.dialogs [1.5.0.v20240424-0957]
[2024-06-27 09:47:33] Installing org.eclipse.e4.ui.ide [3.17.200.v20231201-1637]
[2024-06-27 09:47:33] Installing org.eclipse.e4.ui.model.workbench [2.4.300.v20240321-1245]
[2024-06-27 09:47:33] Installing org.eclipse.e4.ui.progress [0.4.400.v20240424-0956]
[2024-06-27 09:47:33] Installing org.eclipse.e4.ui.services [1.6.300.v20231201-1637]
[2024-06-27 09:47:33] Installing org.eclipse.e4.ui.swt.win32 [1.2.300.v20240416-0658]
[2024-06-27 09:47:33] Installing org.eclipse.e4.ui.widgets [1.4.100.v20231201-1637]
[2024-06-27 09:47:33] Installing org.eclipse.e4.ui.workbench [1.15.400.v20240502-1134]
[2024-06-27 09:47:33] Installing org.eclipse.e4.ui.workbench.addons.swt [1.5.400.v20240416-0658]
[2024-06-27 09:47:33] Installing org.eclipse.e4.ui.workbench.renderers.swt [0.16.400.v20240418-1547]
[2024-06-27 09:47:33] Installing org.eclipse.e4.ui.workbench.swt [0.17.400.v20240425-0840]
[2024-06-27 09:47:33] Installing org.eclipse.e4.ui.workbench3 [0.17.400.v20240321-1245]
[2024-06-27 09:47:33] Installing org.eclipse.ecf [3.11.0.v20230507-1923]
[2024-06-27 09:47:33] Installing org.eclipse.ecf.core.feature.feature.group [1.6.2.v20231021-2127]
[2024-06-27 09:47:33] Installing org.eclipse.ecf.core.feature.feature.jar [1.6.2.v20231021-2127]
[2024-06-27 09:47:33] Installing org.eclipse.ecf.core.ssl.feature.feature.group [1.1.501.v20230507-1921]
[2024-06-27 09:47:33] Installing org.eclipse.ecf.core.ssl.feature.feature.jar [1.1.501.v20230507-1921]
[2024-06-27 09:47:33] Installing org.eclipse.ecf.discovery [5.2.0.v20231021-2050]
[2024-06-27 09:47:33] Installing org.eclipse.ecf.filetransfer [5.1.103.v20230705-0614]
[2024-06-27 09:47:33] Installing org.eclipse.ecf.filetransfer.feature.feature.group [3.14.1900.v20230715-1945]
[2024-06-27 09:47:33] Installing org.eclipse.ecf.filetransfer.feature.feature.jar [3.14.1900.v20230715-1945]
[2024-06-27 09:47:33] Installing org.eclipse.ecf.filetransfer.httpclient5.feature.feature.group [1.1.702.v20231114-1017]
[2024-06-27 09:47:33] Installing org.eclipse.ecf.filetransfer.httpclient5.feature.feature.jar [1.1.702.v20231114-1017]
[2024-06-27 09:47:33] Installing org.eclipse.ecf.filetransfer.httpclientjava.feature.feature.group [2.0.200.v20231114-1017]
[2024-06-27 09:47:33] Installing org.eclipse.ecf.filetransfer.httpclientjava.feature.feature.jar [2.0.200.v20231114-1017]
[2024-06-27 09:47:33] Installing org.eclipse.ecf.filetransfer.ssl.feature.feature.group [1.1.402.v20231021-2127]
[2024-06-27 09:47:33] Installing org.eclipse.ecf.filetransfer.ssl.feature.feature.jar [1.1.402.v20231021-2127]
[2024-06-27 09:47:33] Installing org.eclipse.ecf.identity [3.10.0.v20230422-0242]
[2024-06-27 09:47:33] Installing org.eclipse.ecf.provider.filetransfer [3.3.0.v20230422-0242]
[2024-06-27 09:47:33] Installing org.eclipse.ecf.provider.filetransfer.httpclient5 [1.1.0.v20230423-0417]
[2024-06-27 09:47:33] Installing org.eclipse.ecf.provider.filetransfer.httpclient5.win32 [1.1.0.v20230423-0417]
[2024-06-27 09:47:33] Installing org.eclipse.ecf.provider.filetransfer.httpclientjava [2.0.200.v20231114-1017]
[2024-06-27 09:47:33] Installing org.eclipse.ecf.provider.filetransfer.ssl [1.1.0.v20230422-0242]
[2024-06-27 09:47:33] Installing org.eclipse.ecf.provider.jmdns [4.4.0.v20231021-2050]
[2024-06-27 09:47:33] Installing org.eclipse.ecf.ssl [1.3.0.v20230507-1921]
[2024-06-27 09:47:33] Installing org.eclipse.eclemma.core [3.1.9.202405260028]
[2024-06-27 09:47:33] Installing org.eclipse.eclemma.doc [3.1.9.202405260028]
[2024-06-27 09:47:33] Installing org.eclipse.eclemma.feature.feature.group [3.1.9.202405260028]
[2024-06-27 09:47:33] Installing org.eclipse.eclemma.feature.feature.jar [3.1.9.202405260028]
[2024-06-27 09:47:33] Installing org.eclipse.eclemma.ui [3.1.9.202405260028]
[2024-06-27 09:47:33] Installing org.eclipse.egit [6.10.0.202406032230-r]
[2024-06-27 09:47:33] Installing org.eclipse.egit.core [6.10.0.202406032230-r]
[2024-06-27 09:47:33] Installing org.eclipse.egit.doc [6.10.0.202406032230-r]
[2024-06-27 09:47:33] Installing org.eclipse.egit.feature.group [6.10.0.202406032230-r]
[2024-06-27 09:47:33] Installing org.eclipse.egit.feature.jar [6.10.0.202406032230-r]
[2024-06-27 09:47:33] Installing org.eclipse.egit.github.core [6.1.0.202203080745-r]
[2024-06-27 09:47:33] Installing org.eclipse.egit.ui [6.10.0.202406032230-r]
[2024-06-27 09:47:33] Installing org.eclipse.emf.common [2.30.0.v20240314-0928]
[2024-06-27 09:47:33] Installing org.eclipse.emf.common.feature.group [2.31.0.v20240314-0928]
[2024-06-27 09:47:33] Installing org.eclipse.emf.common.feature.jar [2.31.0.v20240314-0928]
[2024-06-27 09:47:33] Installing org.eclipse.emf.common.ui [2.22.0.v20231002-1020]
[2024-06-27 09:47:33] Installing org.eclipse.emf.databinding [1.8.0.v20231208-1346]
[2024-06-27 09:47:33] Installing org.eclipse.emf.ecore [2.36.0.v20240203-0859]
[2024-06-27 09:47:33] Installing org.eclipse.emf.ecore.change [2.16.0.v20231208-1346]
[2024-06-27 09:47:33] Installing org.eclipse.emf.ecore.edit [2.14.0.v20230211-1150]
[2024-06-27 09:47:33] Installing org.eclipse.emf.ecore.feature.group [2.37.0.v20240203-0859]
[2024-06-27 09:47:33] Installing org.eclipse.emf.ecore.feature.jar [2.37.0.v20240203-0859]
[2024-06-27 09:47:33] Installing org.eclipse.emf.ecore.xmi [2.37.0.v20231208-1346]
[2024-06-27 09:47:33] Installing org.eclipse.emf.edit [2.21.0.v20231208-1346]
[2024-06-27 09:47:33] Installing org.eclipse.emf.edit.ui [2.23.0.v20230211-1150]
[2024-06-27 09:47:33] Installing org.eclipse.epp.mpc.core [1.10.3.v20240221-1216]
[2024-06-27 09:47:33] Installing org.eclipse.epp.mpc.core.win32 [1.10.3.v20240221-1216]
[2024-06-27 09:47:33] Installing org.eclipse.epp.mpc.feature.group [1.10.3.v20240228-1000]
[2024-06-27 09:47:33] Installing org.eclipse.epp.mpc.feature.jar [1.10.3.v20240228-1000]
[2024-06-27 09:47:33] Installing org.eclipse.epp.mpc.help.ui [1.10.3.v20240221-1216]
[2024-06-27 09:47:33] Installing org.eclipse.epp.mpc.ui [1.10.3.v20240228-1000]
[2024-06-27 09:47:33] Installing org.eclipse.epp.mpc.ui.css [1.10.3.v20240221-1216]
[2024-06-27 09:47:33] Installing org.eclipse.epp.package.common [4.32.0.20240606-1231]
[2024-06-27 09:47:33] Installing org.eclipse.epp.package.common.feature.feature.group [4.32.0.20240606-1231]
[2024-06-27 09:47:33] Installing org.eclipse.epp.package.common.feature.feature.jar [4.32.0.20240606-1231]
[2024-06-27 09:47:33] Installing org.eclipse.epp.package.java [4.32.0.20240606-0749]
[2024-06-27 09:47:33] Installing org.eclipse.epp.package.java.feature.feature.group [4.32.0.20240606-0749]
[2024-06-27 09:47:33] Installing org.eclipse.epp.package.java.feature.feature.jar [4.32.0.20240606-0749]
[2024-06-27 09:47:33] Installing org.eclipse.equinox.app [1.7.100.v20240321-1445]
[2024-06-27 09:47:33] Installing org.eclipse.equinox.bidi [1.5.100.v20240321-1445]
[2024-06-27 09:47:33] Installing org.eclipse.equinox.common [3.19.100.v20240524-2011]
[2024-06-27 09:47:33] Installing org.eclipse.equinox.concurrent [1.3.100.v20240514-0729]
[2024-06-27 09:47:33] Installing org.eclipse.equinox.console [1.4.800.v20240513-1104]
[2024-06-27 09:47:33] Installing org.eclipse.equinox.event [1.7.100.v20240321-1445]
[2024-06-27 09:47:33] Installing org.eclipse.equinox.frameworkadmin [2.3.200.v20240321-1450]
[2024-06-27 09:47:33] Installing org.eclipse.equinox.frameworkadmin.equinox [1.3.200.v20240321-1450]
[2024-06-27 09:47:33] Installing org.eclipse.equinox.http.jetty [3.9.200.v20240321-1445]
[2024-06-27 09:47:33] Installing org.eclipse.equinox.http.registry [1.4.100.v20240321-1445]
[2024-06-27 09:47:33] Installing org.eclipse.equinox.http.service.api [1.2.2.v20231218-2126]
[2024-06-27 09:47:33] Installing org.eclipse.equinox.http.servlet [1.8.200.v20240321-1445]
[2024-06-27 09:47:33] Installing org.eclipse.equinox.jsp.jasper [1.2.100.v20240321-1445]
[2024-06-27 09:47:33] Installing org.eclipse.equinox.jsp.jasper.registry [1.3.0.v20240213-1427]
[2024-06-27 09:47:33] Installing org.eclipse.equinox.launcher [1.6.800.v20240513-1750]
[2024-06-27 09:47:33] Installing org.eclipse.equinox.launcher.win32.win32.x86_64 [1.2.1000.v20240507-1834]
[2024-06-27 09:47:33] Installing org.eclipse.equinox.p2.artifact.repository [1.5.400.v20240416-0654]
[2024-06-27 09:47:33] Installing org.eclipse.equinox.p2.console [1.3.400.v20240321-1450]
[2024-06-27 09:47:33] Installing org.eclipse.equinox.p2.core [2.12.0.v20240515-1919]
[2024-06-27 09:47:33] Installing org.eclipse.equinox.p2.core.feature.feature.group [1.7.200.v20240515-1919]
[2024-06-27 09:47:33] Installing org.eclipse.equinox.p2.core.feature.feature.jar [1.7.200.v20240515-1919]
[2024-06-27 09:47:33] Installing org.eclipse.equinox.p2.director [2.6.400.v20240321-1450]
[2024-06-27 09:47:33] Installing org.eclipse.equinox.p2.director.app [1.3.400.v20240425-1316]
[2024-06-27 09:47:33] Installing org.eclipse.equinox.p2.directorywatcher [1.4.400.v20240321-1450]
[2024-06-27 09:47:33] Installing org.eclipse.equinox.p2.discovery [1.3.300.v20240321-1450]
[2024-06-27 09:47:33] Installing org.eclipse.equinox.p2.discovery.compatibility [1.3.300.v20240417-0757]
[2024-06-27 09:47:33] Installing org.eclipse.equinox.p2.discovery.feature.feature.group [1.3.400.v20240417-0757]
[2024-06-27 09:47:33] Installing org.eclipse.equinox.p2.discovery.feature.feature.jar [1.3.400.v20240417-0757]
[2024-06-27 09:47:33] Installing org.eclipse.equinox.p2.engine [2.10.200.v20240425-1316]
[2024-06-27 09:47:33] Installing org.eclipse.equinox.p2.extensionlocation [1.5.400.v20240321-1450]
[2024-06-27 09:47:33] Installing org.eclipse.equinox.p2.extras.feature.feature.group [1.4.2400.v20240519-2013]
[2024-06-27 09:47:33] Installing org.eclipse.equinox.p2.extras.feature.feature.jar [1.4.2400.v20240519-2013]
[2024-06-27 09:47:33] Installing org.eclipse.equinox.p2.garbagecollector [1.3.300.v20240321-1450]
[2024-06-27 09:47:33] Installing org.eclipse.equinox.p2.jarprocessor [1.3.400.v20240321-1450]
[2024-06-27 09:47:33] Installing org.eclipse.equinox.p2.metadata [2.9.100.v20240416-0654]
[2024-06-27 09:47:33] Installing org.eclipse.equinox.p2.metadata.repository [1.5.400.v20240515-1919]
[2024-06-27 09:47:33] Installing org.eclipse.equinox.p2.operations [2.7.400.v20240425-0751]
[2024-06-27 09:47:33] Installing org.eclipse.equinox.p2.publisher [1.9.200.v20240429-0755]
[2024-06-27 09:47:33] Installing org.eclipse.equinox.p2.publisher.eclipse [1.6.100.v20240519-2013]
[2024-06-27 09:47:33] Installing org.eclipse.equinox.p2.rcp.feature.feature.group [1.4.2400.v20240515-1919]
[2024-06-27 09:47:33] Installing org.eclipse.equinox.p2.rcp.feature.feature.jar [1.4.2400.v20240515-1919]
[2024-06-27 09:47:33] Installing org.eclipse.equinox.p2.reconciler.dropins [1.5.400.v20240321-1450]
[2024-06-27 09:47:33] Installing org.eclipse.equinox.p2.repository [2.9.100.v20240511-1722]
[2024-06-27 09:47:33] Installing org.eclipse.equinox.p2.repository.tools [2.4.400.v20240416-0654]
[2024-06-27 09:47:33] Installing org.eclipse.equinox.p2.touchpoint.eclipse [2.4.300.v20240511-1722]
[2024-06-27 09:47:33] Installing org.eclipse.equinox.p2.touchpoint.natives [1.5.300.v20240423-0755]
[2024-06-27 09:47:33] Installing org.eclipse.equinox.p2.transport.ecf [1.4.300.v20240321-1450]
[2024-06-27 09:47:33] Installing org.eclipse.equinox.p2.ui [2.8.400.v20240511-1722]
[2024-06-27 09:47:33] Installing org.eclipse.equinox.p2.ui.discovery [1.3.300.v20240321-1450]
[2024-06-27 09:47:33] Installing org.eclipse.equinox.p2.ui.importexport [1.4.400.v20240321-1450]
[2024-06-27 09:47:33] Installing org.eclipse.equinox.p2.ui.sdk [1.3.300.v20240207-1113]
[2024-06-27 09:47:33] Installing org.eclipse.equinox.p2.ui.sdk.scheduler [1.6.300.v20240515-1919]
[2024-06-27 09:47:33] Installing org.eclipse.equinox.p2.updatechecker [1.4.300.v20240514-1422]
[2024-06-27 09:47:33] Installing org.eclipse.equinox.p2.updatesite [1.3.400.v20240321-1450]
[2024-06-27 09:47:33] Installing org.eclipse.equinox.p2.user.ui.feature.group [2.4.2400.v20240519-2013]
[2024-06-27 09:47:33] Installing org.eclipse.equinox.p2.user.ui.feature.jar [2.4.2400.v20240519-2013]
[2024-06-27 09:47:33] Installing org.eclipse.equinox.preferences [3.11.100.v20240327-0645]
[2024-06-27 09:47:33] Installing org.eclipse.equinox.registry [3.12.100.v20240524-2011]
[2024-06-27 09:47:33] Installing org.eclipse.equinox.security [1.4.300.v20240419-2334]
[2024-06-27 09:47:33] Installing org.eclipse.equinox.security.ui [1.4.300.v20240513-1104]
[2024-06-27 09:47:33] Installing org.eclipse.equinox.security.win32 [1.3.0.v20240419-2334]
[2024-06-27 09:47:33] Installing org.eclipse.equinox.simpleconfigurator [1.5.300.v20240424-1301]
[2024-06-27 09:47:33] Installing org.eclipse.equinox.simpleconfigurator.manipulator [2.3.200.v20240321-1450]
[2024-06-27 09:47:33] Installing org.eclipse.help [3.10.400.v20240415-0528]
[2024-06-27 09:47:33] Installing org.eclipse.help.base [4.4.400.v20240601-0610]
[2024-06-27 09:47:33] Installing org.eclipse.help.feature.group [2.3.1800.v20240601-0610]
[2024-06-27 09:47:33] Installing org.eclipse.help.feature.jar [2.3.1800.v20240601-0610]
[2024-06-27 09:47:33] Installing org.eclipse.help.ui [4.7.0.v20240414-1916]
[2024-06-27 09:47:33] Installing org.eclipse.help.webapp [3.11.400.v20240508-1954]
[2024-06-27 09:47:33] Installing org.eclipse.jdt [3.19.500.v20240601-0610]
[2024-06-27 09:47:33] Installing org.eclipse.jdt.annotation [1.2.100.v20240212-1051]
[2024-06-27 09:47:33] Installing org.eclipse.jdt.apt.core [3.8.400.v20240326-0804]
[2024-06-27 09:47:33] Installing org.eclipse.jdt.apt.pluggable.core [1.4.400.v20240321-1252]
[2024-06-27 09:47:33] Installing org.eclipse.jdt.apt.ui [3.8.400.v20240321-1252]
[2024-06-27 09:47:33] Installing org.eclipse.jdt.bcoview [1.2.400.v20240322-0935]
[2024-06-27 09:47:33] Installing org.eclipse.jdt.bcoview.feature.feature.group [1.2.400.v20240322-0935]
[2024-06-27 09:47:33] Installing org.eclipse.jdt.bcoview.feature.feature.jar [1.2.400.v20240322-0935]
[2024-06-27 09:47:33] Installing org.eclipse.jdt.core [3.38.0.v20240528-0618]
[2024-06-27 09:47:33] Installing org.eclipse.jdt.core.compiler.batch [3.38.0.v20240524-2033]
[2024-06-27 09:47:33] Installing org.eclipse.jdt.core.formatterapp [1.2.250.v20240311-0615]
[2024-06-27 09:47:33] Installing org.eclipse.jdt.core.manipulation [1.21.100.v20240524-2038]
[2024-06-27 09:47:33] Installing org.eclipse.jdt.debug [3.21.400.v20240418-1414]
[2024-06-27 09:47:33] Installing org.eclipse.jdt.debug.ui [3.13.400.v20240516-0950]
[2024-06-27 09:47:33] Installing org.eclipse.jdt.doc.user [3.15.2200.v20240529-0958]
[2024-06-27 09:47:33] Installing org.eclipse.jdt.feature.group [3.19.500.v20240601-0610]
[2024-06-27 09:47:33] Installing org.eclipse.jdt.feature.jar [3.19.500.v20240601-0610]
[2024-06-27 09:47:33] Installing org.eclipse.jdt.junit [3.16.400.v20240524-2038]
[2024-06-27 09:47:33] Installing org.eclipse.jdt.junit.core [3.13.200.v20240524-2038]
[2024-06-27 09:47:33] Installing org.eclipse.jdt.junit.runtime [3.7.400.v20231214-1952]
[2024-06-27 09:47:33] Installing org.eclipse.jdt.junit4.runtime [1.3.100.v20231214-1952]
[2024-06-27 09:47:33] Installing org.eclipse.jdt.junit5.runtime [1.1.300.v20231214-1952]
[2024-06-27 09:47:33] Installing org.eclipse.jdt.launching [3.22.0.v20240424-1830]
[2024-06-27 09:47:33] Installing org.eclipse.jdt.ui [3.32.100.v20240524-2038]
[2024-06-27 09:47:33] Installing org.eclipse.jetty.ee8.security [12.0.9]
[2024-06-27 09:47:33] Installing org.eclipse.jetty.ee8.server [12.0.9]
[2024-06-27 09:47:33] Installing org.eclipse.jetty.ee8.servlet [12.0.9]
[2024-06-27 09:47:33] Installing org.eclipse.jetty.http [12.0.9]
[2024-06-27 09:47:33] Installing org.eclipse.jetty.io [12.0.9]
[2024-06-27 09:47:33] Installing org.eclipse.jetty.security [12.0.9]
[2024-06-27 09:47:33] Installing org.eclipse.jetty.server [12.0.9]
[2024-06-27 09:47:33] Installing org.eclipse.jetty.servlet-api [4.0.6]
[2024-06-27 09:47:33] Installing org.eclipse.jetty.session [12.0.9]
[2024-06-27 09:47:33] Installing org.eclipse.jetty.util [12.0.9]
[2024-06-27 09:47:33] Installing org.eclipse.jface [3.34.0.v20240502-1134]
[2024-06-27 09:47:33] Installing org.eclipse.jface.databinding [1.15.300.v20240424-0444]
[2024-06-27 09:47:33] Installing org.eclipse.jface.notifications [0.7.200.v20240321-1245]
[2024-06-27 09:47:33] Installing org.eclipse.jface.text [3.25.100.v20240524-2010]
[2024-06-27 09:47:33] Installing org.eclipse.jgit [6.10.0.202406032230-r]
[2024-06-27 09:47:33] Installing org.eclipse.jgit.archive [6.10.0.202406032230-r]
[2024-06-27 09:47:33] Installing org.eclipse.jgit.feature.group [6.10.0.202406032230-r]
[2024-06-27 09:47:33] Installing org.eclipse.jgit.feature.jar [6.10.0.202406032230-r]
[2024-06-27 09:47:33] Installing org.eclipse.jgit.gpg.bc [6.10.0.202406032230-r]
[2024-06-27 09:47:33] Installing org.eclipse.jgit.gpg.bc.feature.group [6.10.0.202406032230-r]
[2024-06-27 09:47:33] Installing org.eclipse.jgit.gpg.bc.feature.jar [6.10.0.202406032230-r]
[2024-06-27 09:47:33] Installing org.eclipse.jgit.http.apache [6.10.0.202406032230-r]
[2024-06-27 09:47:33] Installing org.eclipse.jgit.http.apache.feature.group [6.10.0.202406032230-r]
[2024-06-27 09:47:33] Installing org.eclipse.jgit.http.apache.feature.jar [6.10.0.202406032230-r]
[2024-06-27 09:47:33] Installing org.eclipse.jgit.ssh.apache [6.10.0.202406032230-r]
[2024-06-27 09:47:33] Installing org.eclipse.jgit.ssh.apache.agent [6.10.0.202406032230-r]
[2024-06-27 09:47:33] Installing org.eclipse.jgit.ssh.apache.feature.group [6.10.0.202406032230-r]
[2024-06-27 09:47:33] Installing org.eclipse.jgit.ssh.apache.feature.jar [6.10.0.202406032230-r]
[2024-06-27 09:47:33] Installing org.eclipse.jsch.core [1.5.400.v20240413-1649]
[2024-06-27 09:47:33] Installing org.eclipse.jsch.ui [1.5.400.v20240413-1529]
[2024-06-27 09:47:33] Installing org.eclipse.justj.openjdk.hotspot.jre.full [22.0.1.v20240426-1149]
[2024-06-27 09:47:33] Installing org.eclipse.justj.openjdk.hotspot.jre.full.feature.group [22.0.1.v20240426-1149]
[2024-06-27 09:47:33] Installing org.eclipse.justj.openjdk.hotspot.jre.full.feature.jar [22.0.1.v20240426-1149]
[2024-06-27 09:47:33] Installing org.eclipse.justj.openjdk.hotspot.jre.full.win32.x86_64 [22.0.1.v20240426-1149]
[2024-06-27 09:47:33] Installing org.eclipse.lsp4e [0.18.10.202405280703]
[2024-06-27 09:47:33] Installing org.eclipse.lsp4j [0.23.1.v20240521-1815]
[2024-06-27 09:47:33] Installing org.eclipse.lsp4j.jsonrpc [0.23.1.v20240521-1815]
[2024-06-27 09:47:33] Installing org.eclipse.ltk.core.refactoring [3.14.400.v20240321-1245]
[2024-06-27 09:47:33] Installing org.eclipse.ltk.ui.refactoring [3.13.400.v20240321-1245]
[2024-06-27 09:47:33] Installing org.eclipse.m2e.apt.core [2.2.202.20240411-1122]
[2024-06-27 09:47:33] Installing org.eclipse.m2e.apt.ui [2.0.402.20240411-1122]
[2024-06-27 09:47:33] Installing org.eclipse.m2e.archetype.catalog [3.2.1.2]
[2024-06-27 09:47:33] Installing org.eclipse.m2e.archetype.common [3.2.104]
[2024-06-27 09:47:33] Installing org.eclipse.m2e.archetype.descriptor [3.2.1.2]
[2024-06-27 09:47:33] Installing org.eclipse.m2e.archetype.maven-artifact-transfer [0.13.1.2]
[2024-06-27 09:47:33] Installing org.eclipse.m2e.binaryproject [2.1.203.20240411-1122]
[2024-06-27 09:47:33] Installing org.eclipse.m2e.binaryproject.ui [2.0.200.20231030-1438]
[2024-06-27 09:47:33] Installing org.eclipse.m2e.core [2.6.1.20240602-2342]
[2024-06-27 09:47:33] Installing org.eclipse.m2e.core.ui [2.0.801.20240411-1122]
[2024-06-27 09:47:33] Installing org.eclipse.m2e.discovery [2.0.202.20240411-1122]
[2024-06-27 09:47:33] Installing org.eclipse.m2e.editor [2.0.401.20240411-1122]
[2024-06-27 09:47:33] Installing org.eclipse.m2e.editor.lemminx [2.0.600.20240219-1707]
[2024-06-27 09:47:33] Installing org.eclipse.m2e.feature.feature.group [2.6.1.20240602-2342]
[2024-06-27 09:47:33] Installing org.eclipse.m2e.feature.feature.jar [2.6.1.20240602-2342]
[2024-06-27 09:47:33] Installing org.eclipse.m2e.jdt [2.3.500.20240602-2342]
[2024-06-27 09:47:33] Installing org.eclipse.m2e.jdt.ui [2.0.401.20240411-1122]
[2024-06-27 09:47:33] Installing org.eclipse.m2e.launching [2.0.602.20240411-1122]
[2024-06-27 09:47:33] Installing org.eclipse.m2e.lemminx.feature.feature.group [2.0.600.20240219-1707]
[2024-06-27 09:47:33] Installing org.eclipse.m2e.lemminx.feature.feature.jar [2.0.600.20240219-1707]
[2024-06-27 09:47:33] Installing org.eclipse.m2e.logback [2.6.1.20240411-1122]
[2024-06-27 09:47:33] Installing org.eclipse.m2e.logback.feature.feature.group [2.6.1.20240411-1743]
[2024-06-27 09:47:33] Installing org.eclipse.m2e.logback.feature.feature.jar [2.6.1.20240411-1743]
[2024-06-27 09:47:33] Installing org.eclipse.m2e.maven.runtime [3.9.700.20240602-2313]
[2024-06-27 09:47:33] Installing org.eclipse.m2e.mavenarchiver [2.0.501.20240411-1122]
[2024-06-27 09:47:33] Installing org.eclipse.m2e.model.edit [2.0.500.20240417-1957]
[2024-06-27 09:47:33] Installing org.eclipse.m2e.profiles.core [2.1.202.20240411-1122]
[2024-06-27 09:47:33] Installing org.eclipse.m2e.profiles.ui [2.0.302.20240411-1122]
[2024-06-27 09:47:33] Installing org.eclipse.m2e.refactoring [2.0.303.20240411-1122]
[2024-06-27 09:47:33] Installing org.eclipse.m2e.scm [2.0.202.20240411-1122]
[2024-06-27 09:47:33] Installing org.eclipse.m2e.sourcelookup [2.0.301.20231030-1438]
[2024-06-27 09:47:33] Installing org.eclipse.m2e.sourcelookup.ui [2.0.401.20240411-1122]
[2024-06-27 09:47:33] Installing org.eclipse.m2e.workspace.cli [0.3.1]
[2024-06-27 09:47:33] Installing org.eclipse.mylyn.builds.core [4.3.0.v20240509-0539]
[2024-06-27 09:47:33] Installing org.eclipse.mylyn.builds.feature.feature.group [4.3.0.v20240509-0539]
[2024-06-27 09:47:33] Installing org.eclipse.mylyn.builds.feature.feature.jar [4.3.0.v20240509-0539]
[2024-06-27 09:47:33] Installing org.eclipse.mylyn.builds.ui [4.3.0.v20240509-0539]
[2024-06-27 09:47:33] Installing org.eclipse.mylyn.commons.activity.feature.feature.group [4.3.0.v20240509-0539]
[2024-06-27 09:47:33] Installing org.eclipse.mylyn.commons.activity.feature.feature.jar [4.3.0.v20240509-0539]
[2024-06-27 09:47:33] Installing org.eclipse.mylyn.commons.activity.ui [4.3.0.v20240509-0539]
[2024-06-27 09:47:33] Installing org.eclipse.mylyn.commons.core [4.3.0.v20240602-0603]
[2024-06-27 09:47:33] Installing org.eclipse.mylyn.commons.feature.feature.group [4.3.0.v20240602-0603]
[2024-06-27 09:47:33] Installing org.eclipse.mylyn.commons.feature.feature.jar [4.3.0.v20240602-0603]
[2024-06-27 09:47:33] Installing org.eclipse.mylyn.commons.identity.core [4.3.0.v20240602-0603]
[2024-06-27 09:47:33] Installing org.eclipse.mylyn.commons.identity.feature.feature.group [4.3.0.v20240602-0603]
[2024-06-27 09:47:33] Installing org.eclipse.mylyn.commons.identity.feature.feature.jar [4.3.0.v20240602-0603]
[2024-06-27 09:47:33] Installing org.eclipse.mylyn.commons.identity.ui [4.3.0.v20240509-0539]
[2024-06-27 09:47:33] Installing org.eclipse.mylyn.commons.net [4.3.0.v20240509-0539]
[2024-06-27 09:47:33] Installing org.eclipse.mylyn.commons.notifications.core [4.3.0.v20240509-0539]
[2024-06-27 09:47:33] Installing org.eclipse.mylyn.commons.notifications.feature.feature.group [4.3.0.v20240602-0603]
[2024-06-27 09:47:33] Installing org.eclipse.mylyn.commons.notifications.feature.feature.jar [4.3.0.v20240602-0603]
[2024-06-27 09:47:33] Installing org.eclipse.mylyn.commons.notifications.feed [4.3.0.v20240509-0539]
[2024-06-27 09:47:33] Installing org.eclipse.mylyn.commons.notifications.ui [4.3.0.v20240602-0603]
[2024-06-27 09:47:33] Installing org.eclipse.mylyn.commons.repositories.core [4.3.0.v20240602-0603]
[2024-06-27 09:47:33] Installing org.eclipse.mylyn.commons.repositories.feature.feature.group [4.3.0.v20240602-0603]
[2024-06-27 09:47:33] Installing org.eclipse.mylyn.commons.repositories.feature.feature.jar [4.3.0.v20240602-0603]
[2024-06-27 09:47:33] Installing org.eclipse.mylyn.commons.repositories.http.core [4.3.0.v20240509-0539]
[2024-06-27 09:47:33] Installing org.eclipse.mylyn.commons.repositories.ui [4.3.0.v20240602-0603]
[2024-06-27 09:47:33] Installing org.eclipse.mylyn.commons.screenshots [4.3.0.v20240509-0539]
[2024-06-27 09:47:33] Installing org.eclipse.mylyn.commons.ui [4.3.0.v20240602-0603]
[2024-06-27 09:47:33] Installing org.eclipse.mylyn.commons.workbench [4.3.0.v20240509-0539]
[2024-06-27 09:47:33] Installing org.eclipse.mylyn.commons.xmlrpc [4.3.0.v20240509-0539]
[2024-06-27 09:47:33] Installing org.eclipse.mylyn.context.core [4.3.0.v20240509-0539]
[2024-06-27 09:47:33] Installing org.eclipse.mylyn.context.feature.feature.group [4.3.0.v20240602-0603]
[2024-06-27 09:47:33] Installing org.eclipse.mylyn.context.feature.feature.jar [4.3.0.v20240602-0603]
[2024-06-27 09:47:33] Installing org.eclipse.mylyn.context.tasks.ui [4.3.0.v20240602-0603]
[2024-06-27 09:47:33] Installing org.eclipse.mylyn.context.ui [4.3.0.v20240602-0603]
[2024-06-27 09:47:33] Installing org.eclipse.mylyn.debug.ui [4.3.0.v20240509-0539]
[2024-06-27 09:47:33] Installing org.eclipse.mylyn.egit.feature.feature.group [4.3.0.v20240602-0603]
[2024-06-27 09:47:33] Installing org.eclipse.mylyn.egit.feature.feature.jar [4.3.0.v20240602-0603]
[2024-06-27 09:47:33] Installing org.eclipse.mylyn.egit.ui [4.3.0.v20240509-0539]
[2024-06-27 09:47:33] Installing org.eclipse.mylyn.git.core [4.3.0.v20240509-0539]
[2024-06-27 09:47:33] Installing org.eclipse.mylyn.git.feature.feature.group [4.3.0.v20240509-0539]
[2024-06-27 09:47:33] Installing org.eclipse.mylyn.git.feature.feature.jar [4.3.0.v20240509-0539]
[2024-06-27 09:47:33] Installing org.eclipse.mylyn.git.ui [4.3.0.v20240509-0539]
[2024-06-27 09:47:33] Installing org.eclipse.mylyn.github.core [6.5.0.v20240509-0539]
[2024-06-27 09:47:33] Installing org.eclipse.mylyn.github.doc [6.5.0.v20240601-0538]
[2024-06-27 09:47:33] Installing org.eclipse.mylyn.github.feature.feature.group [6.5.0.v20240601-0538]
[2024-06-27 09:47:33] Installing org.eclipse.mylyn.github.feature.feature.jar [6.5.0.v20240601-0538]
[2024-06-27 09:47:33] Installing org.eclipse.mylyn.github.ui [6.5.0.v20240512-0805]
[2024-06-27 09:47:33] Installing org.eclipse.mylyn.help.ui [4.3.0.v20240602-0603]
[2024-06-27 09:47:33] Installing org.eclipse.mylyn.ide.ant [4.3.0.v20240509-0539]
[2024-06-27 09:47:33] Installing org.eclipse.mylyn.ide.feature.feature.group [4.3.0.v20240509-0539]
[2024-06-27 09:47:33] Installing org.eclipse.mylyn.ide.feature.feature.jar [4.3.0.v20240509-0539]
[2024-06-27 09:47:33] Installing org.eclipse.mylyn.ide.ui [4.3.0.v20240509-0539]
[2024-06-27 09:47:33] Installing org.eclipse.mylyn.java.tasks [4.3.0.v20240509-0539]
[2024-06-27 09:47:33] Installing org.eclipse.mylyn.java.ui [4.3.0.v20240514-0726]
[2024-06-27 09:47:33] Installing org.eclipse.mylyn.jdt.feature.feature.group [4.3.0.v20240514-0726]
[2024-06-27 09:47:33] Installing org.eclipse.mylyn.jdt.feature.feature.jar [4.3.0.v20240514-0726]
[2024-06-27 09:47:33] Installing org.eclipse.mylyn.jenkins.core [4.3.0.v20240509-0539]
[2024-06-27 09:47:33] Installing org.eclipse.mylyn.jenkins.feature.feature.group [4.3.0.v20240509-0539]
[2024-06-27 09:47:33] Installing org.eclipse.mylyn.jenkins.feature.feature.jar [4.3.0.v20240509-0539]
[2024-06-27 09:47:33] Installing org.eclipse.mylyn.jenkins.ui [4.3.0.v20240509-0539]
[2024-06-27 09:47:33] Installing org.eclipse.mylyn.monitor.core [4.3.0.v20240509-0539]
[2024-06-27 09:47:33] Installing org.eclipse.mylyn.monitor.feature.feature.group [4.3.0.v20240509-0539]
[2024-06-27 09:47:33] Installing org.eclipse.mylyn.monitor.feature.feature.jar [4.3.0.v20240509-0539]
[2024-06-27 09:47:33] Installing org.eclipse.mylyn.monitor.ui [4.3.0.v20240509-0539]
[2024-06-27 09:47:33] Installing org.eclipse.mylyn.resources.ui [4.3.0.v20240509-0539]
[2024-06-27 09:47:33] Installing org.eclipse.mylyn.reviews.core [4.3.0.v20240509-0539]
[2024-06-27 09:47:33] Installing org.eclipse.mylyn.reviews.edit [4.3.0.v20240509-0539]
[2024-06-27 09:47:33] Installing org.eclipse.mylyn.reviews.feature.feature.group [4.3.0.v20240509-0539]
[2024-06-27 09:47:33] Installing org.eclipse.mylyn.reviews.feature.feature.jar [4.3.0.v20240509-0539]
[2024-06-27 09:47:33] Installing org.eclipse.mylyn.reviews.ui [4.3.0.v20240509-0539]
[2024-06-27 09:47:33] Installing org.eclipse.mylyn.tasks.activity.core [4.3.0.v20240509-0539]
[2024-06-27 09:47:33] Installing org.eclipse.mylyn.tasks.activity.ui [4.3.0.v20240509-0539]
[2024-06-27 09:47:33] Installing org.eclipse.mylyn.tasks.bugs [4.3.0.v20240509-0539]
[2024-06-27 09:47:33] Installing org.eclipse.mylyn.tasks.core [4.3.0.v20240509-0539]
[2024-06-27 09:47:33] Installing org.eclipse.mylyn.tasks.feature.feature.group [4.3.0.v20240602-0603]
[2024-06-27 09:47:33] Installing org.eclipse.mylyn.tasks.feature.feature.jar [4.3.0.v20240602-0603]
[2024-06-27 09:47:33] Installing org.eclipse.mylyn.tasks.index.core [4.3.0.v20240509-0539]
[2024-06-27 09:47:33] Installing org.eclipse.mylyn.tasks.index.ui [4.3.0.v20240509-0539]
[2024-06-27 09:47:33] Installing org.eclipse.mylyn.tasks.search [4.3.0.v20240509-0539]
[2024-06-27 09:47:33] Installing org.eclipse.mylyn.tasks.ui [4.3.0.v20240602-0603]
[2024-06-27 09:47:33] Installing org.eclipse.mylyn.team.feature.feature.group [4.3.0.v20240602-0603]
[2024-06-27 09:47:33] Installing org.eclipse.mylyn.team.feature.feature.jar [4.3.0.v20240602-0603]
[2024-06-27 09:47:33] Installing org.eclipse.mylyn.team.ui [4.3.0.v20240602-0603]
[2024-06-27 09:47:33] Installing org.eclipse.mylyn.versions.core [4.3.0.v20240509-0539]
[2024-06-27 09:47:33] Installing org.eclipse.mylyn.versions.feature.feature.group [4.3.0.v20240509-0539]
[2024-06-27 09:47:33] Installing org.eclipse.mylyn.versions.feature.feature.jar [4.3.0.v20240509-0539]
[2024-06-27 09:47:33] Installing org.eclipse.mylyn.versions.ui [4.3.0.v20240509-0539]
[2024-06-27 09:47:33] Installing org.eclipse.mylyn.wikitext [4.3.0.v20240602-0603]
[2024-06-27 09:47:33] Installing org.eclipse.mylyn.wikitext.ant [4.3.0.v20240602-0603]
[2024-06-27 09:47:33] Installing org.eclipse.mylyn.wikitext.asciidoc [4.3.0.v20240602-0603]
[2024-06-27 09:47:33] Installing org.eclipse.mylyn.wikitext.asciidoc.ui [4.3.0.v20240601-0538]
[2024-06-27 09:47:33] Installing org.eclipse.mylyn.wikitext.confluence [4.3.0.v20240602-0603]
[2024-06-27 09:47:33] Installing org.eclipse.mylyn.wikitext.confluence.ui [4.3.0.v20240509-0539]
[2024-06-27 09:47:33] Installing org.eclipse.mylyn.wikitext.feature.feature.group [4.3.0.v20240602-0603]
[2024-06-27 09:47:33] Installing org.eclipse.mylyn.wikitext.feature.feature.jar [4.3.0.v20240602-0603]
[2024-06-27 09:47:33] Installing org.eclipse.mylyn.wikitext.help.ui [4.3.0.v20240509-0539]
[2024-06-27 09:47:33] Installing org.eclipse.mylyn.wikitext.html [4.3.0.v20240602-0603]
[2024-06-27 09:47:33] Installing org.eclipse.mylyn.wikitext.markdown [4.3.0.v20240602-0603]
[2024-06-27 09:47:33] Installing org.eclipse.mylyn.wikitext.markdown.ui [4.3.0.v20240601-0538]
[2024-06-27 09:47:33] Installing org.eclipse.mylyn.wikitext.mediawiki [4.3.0.v20240602-0603]
[2024-06-27 09:47:33] Installing org.eclipse.mylyn.wikitext.mediawiki.ui [4.3.0.v20240509-0539]
[2024-06-27 09:47:33] Installing org.eclipse.mylyn.wikitext.osgi [4.3.0.v20240509-0539]
[2024-06-27 09:47:33] Installing org.eclipse.mylyn.wikitext.textile [4.3.0.v20240602-0603]
[2024-06-27 09:47:33] Installing org.eclipse.mylyn.wikitext.textile.ui [4.3.0.v20240509-0539]
[2024-06-27 09:47:33] Installing org.eclipse.mylyn.wikitext.tracwiki [4.3.0.v20240602-0603]
[2024-06-27 09:47:33] Installing org.eclipse.mylyn.wikitext.tracwiki.ui [4.3.0.v20240509-0539]
[2024-06-27 09:47:33] Installing org.eclipse.mylyn.wikitext.twiki [4.3.0.v20240602-0603]
[2024-06-27 09:47:33] Installing org.eclipse.mylyn.wikitext.twiki.ui [4.3.0.v20240509-0539]
[2024-06-27 09:47:33] Installing org.eclipse.mylyn.wikitext.ui [4.3.0.v20240509-0539]
[2024-06-27 09:47:33] Installing org.eclipse.nebula.cwt [1.0.0.201703081533]
[2024-06-27 09:47:33] Installing org.eclipse.nebula.widgets.cdatetime [1.5.0.202312260654]
[2024-06-27 09:47:33] Installing org.eclipse.nebula.widgets.tablecombo [1.2.0.202406021704]
[2024-06-27 09:47:33] Installing org.eclipse.oomph.base [1.18.0.v20230617-1322]
[2024-06-27 09:47:33] Installing org.eclipse.oomph.base.edit [1.17.0.v20230617-1322]
[2024-06-27 09:47:33] Installing org.eclipse.oomph.extractor.lib [1.9.0.v20220421-1218]
[2024-06-27 09:47:33] Installing org.eclipse.oomph.jreinfo [1.19.0.v20240520-1504]
[2024-06-27 09:47:33] Installing org.eclipse.oomph.jreinfo.ui [1.16.0.v20240520-1504]
[2024-06-27 09:47:33] Installing org.eclipse.oomph.p2 [1.17.0.v20230617-1322]
[2024-06-27 09:47:33] Installing org.eclipse.oomph.p2.core [1.29.0.v20240520-1504]
[2024-06-27 09:47:33] Installing org.eclipse.oomph.p2.doc [1.14.0.v20230625-0755]
[2024-06-27 09:47:33] Installing org.eclipse.oomph.p2.edit [1.17.0.v20230204-0932]
[2024-06-27 09:47:33] Installing org.eclipse.oomph.p2.feature.group [1.30.0.v20240520-1504]
[2024-06-27 09:47:33] Installing org.eclipse.oomph.p2.feature.jar [1.30.0.v20240520-1504]
[2024-06-27 09:47:33] Installing org.eclipse.oomph.p2.ui [1.22.0.v20240510-1552]
[2024-06-27 09:47:33] Installing org.eclipse.oomph.predicates [1.17.0.v20230617-1322]
[2024-06-27 09:47:33] Installing org.eclipse.oomph.predicates.edit [1.15.0.v20230416-0642]
[2024-06-27 09:47:33] Installing org.eclipse.oomph.preferences [1.14.0.v20230617-1322]
[2024-06-27 09:47:33] Installing org.eclipse.oomph.resources [1.20.0.v20240130-1324]
[2024-06-27 09:47:33] Installing org.eclipse.oomph.resources.edit [1.14.0.v20240130-1324]
[2024-06-27 09:47:33] Installing org.eclipse.oomph.setup [1.29.0.v20240520-1504]
[2024-06-27 09:47:33] Installing org.eclipse.oomph.setup.core [1.31.0.v20240420-0837]
[2024-06-27 09:47:33] Installing org.eclipse.oomph.setup.core.feature.group [1.31.0.v20240520-1504]
[2024-06-27 09:47:33] Installing org.eclipse.oomph.setup.core.feature.jar [1.31.0.v20240520-1504]
[2024-06-27 09:47:33] Installing org.eclipse.oomph.setup.doc [1.14.0.v20230618-0610]
[2024-06-27 09:47:33] Installing org.eclipse.oomph.setup.edit [1.17.0.v20231119-1528]
[2024-06-27 09:47:33] Installing org.eclipse.oomph.setup.editor [1.27.0.v20231119-1528]
[2024-06-27 09:47:33] Installing org.eclipse.oomph.setup.feature.group [1.32.0.v20240602-1435]
[2024-06-27 09:47:33] Installing org.eclipse.oomph.setup.feature.jar [1.32.0.v20240602-1435]
[2024-06-27 09:47:33] Installing org.eclipse.oomph.setup.p2 [1.21.0.v20240420-0837]
[2024-06-27 09:47:33] Installing org.eclipse.oomph.setup.p2.edit [1.16.0.v20230617-1322]
[2024-06-27 09:47:33] Installing org.eclipse.oomph.setup.sync [1.17.0.v20240317-0755]
[2024-06-27 09:47:33] Installing org.eclipse.oomph.setup.ui [1.30.0.v20240602-1435]
[2024-06-27 09:47:33] Installing org.eclipse.oomph.setup.ui.questionnaire [1.13.0.v20220421-1218]
[2024-06-27 09:47:33] Installing org.eclipse.oomph.ui [1.22.0.v20240520-1504]
[2024-06-27 09:47:33] Installing org.eclipse.oomph.util [1.22.0.v20240520-1504]
[2024-06-27 09:47:33] Installing org.eclipse.oomph.workingsets [1.14.0.v20230617-1322]
[2024-06-27 09:47:33] Installing org.eclipse.oomph.workingsets.edit [1.13.0.v20230204-0932]
[2024-06-27 09:47:33] Installing org.eclipse.oomph.workingsets.editor [1.16.0.v20240510-1552]
[2024-06-27 09:47:33] Installing org.eclipse.orbit.xml-apis-ext [1.0.0.v20230923-0644]
[2024-06-27 09:47:33] Installing org.eclipse.osgi [3.20.0.v20240509-1421]
[2024-06-27 09:47:33] Installing org.eclipse.osgi.compatibility.state [1.2.1000.v20240213-1057]
[2024-06-27 09:47:33] Installing org.eclipse.osgi.util [3.7.300.v20231104-1118]
[2024-06-27 09:47:33] Installing org.eclipse.platform [4.32.0.v20240601-0610]
[2024-06-27 09:47:34] Installing org.eclipse.platform.doc.user [4.32.0.v20240529-0958]
[2024-06-27 09:47:34] Installing org.eclipse.platform.feature.group [4.32.0.v20240601-0610]
[2024-06-27 09:47:34] Installing org.eclipse.platform.feature.jar [4.32.0.v20240601-0610]
[2024-06-27 09:47:34] Installing org.eclipse.platform_root [4.32.0.v20240601-0610]
[2024-06-27 09:47:34] Installing org.eclipse.rcp [4.32.0.v20240601-0610]
[2024-06-27 09:47:34] Installing org.eclipse.rcp.feature.group [4.32.0.v20240601-0610]
[2024-06-27 09:47:34] Installing org.eclipse.rcp.feature.jar [4.32.0.v20240601-0610]
[2024-06-27 09:47:34] Installing org.eclipse.rcp_root [4.32.0.v20240601-0610]
[2024-06-27 09:47:34] Installing org.eclipse.search [3.16.200.v20240426-0859]
[2024-06-27 09:47:34] Installing org.eclipse.search.core [3.16.200.v20240502-1134]
[2024-06-27 09:47:34] Installing org.eclipse.swt [3.126.0.v20240528-0813]
[2024-06-27 09:47:34] Installing org.eclipse.swt.win32.win32.x86_64 [3.126.0.v20240528-0813]
[2024-06-27 09:47:34] Installing org.eclipse.team.core [3.10.400.v20240413-1529]
[2024-06-27 09:47:34] Installing org.eclipse.team.genericeditor.diff.extension [1.2.400.v20240413-1529]
[2024-06-27 09:47:34] Installing org.eclipse.team.ui [3.10.400.v20240416-0654]
[2024-06-27 09:47:34] Installing org.eclipse.text [3.14.100.v20240524-2010]
[2024-06-27 09:47:34] Installing org.eclipse.text.quicksearch [1.2.400.v20240321-1245]
[2024-06-27 09:47:34] Installing org.eclipse.tips.core [0.3.400.v20240413-1529]
[2024-06-27 09:47:34] Installing org.eclipse.tips.feature.feature.group [0.4.400.v20240525-0701]
[2024-06-27 09:47:34] Installing org.eclipse.tips.feature.feature.jar [0.4.400.v20240525-0701]
[2024-06-27 09:47:34] Installing org.eclipse.tips.ide [0.3.400.v20240413-1529]
[2024-06-27 09:47:34] Installing org.eclipse.tips.json [0.3.400.v20240525-0701]
[2024-06-27 09:47:34] Installing org.eclipse.tips.ui [0.3.400.v20240413-1529]
[2024-06-27 09:47:34] Installing org.eclipse.tm.terminal.connector.local [4.8.100.202402230238]
[2024-06-27 09:47:34] Installing org.eclipse.tm.terminal.connector.local.feature.feature.group [11.6.0.202403071917]
[2024-06-27 09:47:34] Installing org.eclipse.tm.terminal.connector.local.feature.feature.jar [11.6.0.202403071917]
[2024-06-27 09:47:34] Installing org.eclipse.tm.terminal.connector.process [4.9.100.202402230238]
[2024-06-27 09:47:34] Installing org.eclipse.tm.terminal.connector.ssh [4.8.300.202403071917]
[2024-06-27 09:47:34] Installing org.eclipse.tm.terminal.connector.ssh.feature.feature.group [11.6.0.202403071917]
[2024-06-27 09:47:34] Installing org.eclipse.tm.terminal.connector.ssh.feature.feature.jar [11.6.0.202403071917]
[2024-06-27 09:47:34] Installing org.eclipse.tm.terminal.connector.telnet [4.8.100.202312281935]
[2024-06-27 09:47:34] Installing org.eclipse.tm.terminal.connector.telnet.feature.feature.group [11.6.0.202403071917]
[2024-06-27 09:47:34] Installing org.eclipse.tm.terminal.connector.telnet.feature.feature.jar [11.6.0.202403071917]
[2024-06-27 09:47:34] Installing org.eclipse.tm.terminal.control [5.5.300.202403071917]
[2024-06-27 09:47:34] Installing org.eclipse.tm.terminal.control.feature.feature.group [11.6.0.202403071917]
[2024-06-27 09:47:34] Installing org.eclipse.tm.terminal.control.feature.feature.jar [11.6.0.202403071917]
[2024-06-27 09:47:34] Installing org.eclipse.tm.terminal.feature.feature.group [11.6.0.202403071917]
[2024-06-27 09:47:34] Installing org.eclipse.tm.terminal.feature.feature.jar [11.6.0.202403071917]
[2024-06-27 09:47:34] Installing org.eclipse.tm.terminal.view.core [4.10.300.202403071917]
[2024-06-27 09:47:34] Installing org.eclipse.tm.terminal.view.feature.feature.group [11.6.0.202403071917]
[2024-06-27 09:47:34] Installing org.eclipse.tm.terminal.view.feature.feature.jar [11.6.0.202403071917]
[2024-06-27 09:47:34] Installing org.eclipse.tm.terminal.view.ui [4.11.500.202403071917]
[2024-06-27 09:47:34] Installing org.eclipse.tm4e.core [0.12.0.202405210827]
[2024-06-27 09:47:34] Installing org.eclipse.tm4e.language_pack [0.12.0.202405210827]
[2024-06-27 09:47:34] Installing org.eclipse.tm4e.languageconfiguration [0.12.0.202405210827]
[2024-06-27 09:47:34] Installing org.eclipse.tm4e.registry [0.12.0.202405210827]
[2024-06-27 09:47:34] Installing org.eclipse.tm4e.ui [0.12.0.202405210827]
[2024-06-27 09:47:34] Installing org.eclipse.ui [3.206.0.v20240524-2010]
[2024-06-27 09:47:34] Installing org.eclipse.ui.browser [3.8.300.v20240524-2010]
[2024-06-27 09:47:34] Installing org.eclipse.ui.cheatsheets [3.8.400.v20240414-1916]
[2024-06-27 09:47:34] Installing org.eclipse.ui.console [3.14.100.v20240429-1358]
[2024-06-27 09:47:34] Installing org.eclipse.ui.editors [3.17.300.v20240524-2010]
[2024-06-27 09:47:34] Installing org.eclipse.ui.externaltools [3.6.400.v20240416-0654]
[2024-06-27 09:47:34] Installing org.eclipse.ui.forms [3.13.300.v20240424-0956]
[2024-06-27 09:47:34] Installing org.eclipse.ui.genericeditor [1.3.400.v20240511-1105]
[2024-06-27 09:47:34] Installing org.eclipse.ui.ide [3.22.200.v20240524-2010]
[2024-06-27 09:47:34] Installing org.eclipse.ui.ide.application [1.5.400.v20240416-0658]
[2024-06-27 09:47:34] Installing org.eclipse.ui.intro [3.7.400.v20240414-0828]
[2024-06-27 09:47:34] Installing org.eclipse.ui.intro.quicklinks [1.2.400.v20240414-1916]
[2024-06-27 09:47:34] Installing org.eclipse.ui.intro.universal [3.5.400.v20240414-1916]
[2024-06-27 09:47:34] Installing org.eclipse.ui.monitoring [1.3.300.v20240321-1245]
[2024-06-27 09:47:34] Installing org.eclipse.ui.navigator [3.12.400.v20240424-0956]
[2024-06-27 09:47:34] Installing org.eclipse.ui.navigator.resources [3.9.300.v20240506-0929]
[2024-06-27 09:47:34] Installing org.eclipse.ui.net [1.5.400.v20240413-1529]
[2024-06-27 09:47:34] Installing org.eclipse.ui.themes [1.2.2400.v20240213-1133]
[2024-06-27 09:47:34] Installing org.eclipse.ui.views [3.12.300.v20240524-2010]
[2024-06-27 09:47:34] Installing org.eclipse.ui.views.log [1.4.400.v20240424-0956]
[2024-06-27 09:47:34] Installing org.eclipse.ui.views.properties.tabbed [3.10.300.v20240424-0956]
[2024-06-27 09:47:34] Installing org.eclipse.ui.win32 [3.5.300.v20240524-2010]
[2024-06-27 09:47:34] Installing org.eclipse.ui.workbench [3.132.0.v20240524-2010]
[2024-06-27 09:47:34] Installing org.eclipse.ui.workbench.texteditor [3.17.400.v20240524-2010]
[2024-06-27 09:47:34] Installing org.eclipse.update.configurator [3.5.400.v20240416-0654]
[2024-06-27 09:47:34] Installing org.eclipse.urischeme [1.3.300.v20240424-0956]
[2024-06-27 09:47:34] Installing org.eclipse.userstorage [1.2.0.v20210517-0327]
[2024-06-27 09:47:34] Installing org.eclipse.userstorage.feature.group [1.2.0.v20210517-0327]
[2024-06-27 09:47:34] Installing org.eclipse.userstorage.feature.jar [1.2.0.v20210517-0327]
[2024-06-27 09:47:34] Installing org.eclipse.userstorage.oauth [1.1.0.v20190307-0457]
[2024-06-27 09:47:34] Installing org.eclipse.userstorage.ui [1.1.0.v20190307-0457]
[2024-06-27 09:47:34] Installing org.eclipse.wildwebdeveloper.xml [1.3.4.202405270639]
[2024-06-27 09:47:34] Installing org.eclipse.wildwebdeveloper.xml.feature.feature.group [1.3.4.202405270639]
[2024-06-27 09:47:34] Installing org.eclipse.wildwebdeveloper.xml.feature.feature.jar [1.3.4.202405270639]
[2024-06-27 09:47:34] Installing org.eclipse.wst.common.core [1.4.100.v202103232321]
[2024-06-27 09:47:34] Installing org.eclipse.wst.common.emf [1.2.700.v202007161535]
[2024-06-27 09:47:34] Installing org.eclipse.wst.common.environment [1.1.0.v202308161955]
[2024-06-27 09:47:34] Installing org.eclipse.wst.common.frameworks [1.3.0.v202308161955]
[2024-06-27 09:47:34] Installing org.eclipse.wst.common.uriresolver [1.4.0.v202308161955]
[2024-06-27 09:47:34] Installing org.eclipse.wst.sse.core [1.2.1400.v202405130132]
[2024-06-27 09:47:34] Installing org.eclipse.wst.xml.core [1.2.900.v202405130132]
[2024-06-27 09:47:34] Installing org.glassfish.hk2.osgi-resource-locator [2.5.0.v20161103-1916]
[2024-06-27 09:47:34] Installing org.gradle.toolingapi [8.1.1.v20240115-1636]
[2024-06-27 09:47:34] Installing org.hamcrest [2.2.0]
[2024-06-27 09:47:34] Installing org.hamcrest.core [2.2.0.v20230809-1000]
[2024-06-27 09:47:34] Installing org.jacoco.agent [0.8.12.202403310830]
[2024-06-27 09:47:34] Installing org.jacoco.core [0.8.12.202403310830]
[2024-06-27 09:47:34] Installing org.jacoco.report [0.8.12.202403310830]
[2024-06-27 09:47:34] Installing org.jcodings [1.0.58.v20230703-0749]
[2024-06-27 09:47:34] Installing org.jdom2 [2.0.6.v20230720-0727]
[2024-06-27 09:47:34] Installing org.joni [2.2.1.v20230703-0749]
[2024-06-27 09:47:34] Installing org.jsoup [1.17.2]
[2024-06-27 09:47:34] Installing org.junit [4.13.2.v20230809-1000]
[2024-06-27 09:47:34] Installing org.mortbay.jasper.apache-el [9.0.83]
[2024-06-27 09:47:34] Installing org.mortbay.jasper.apache-jsp [9.0.83]
[2024-06-27 09:47:34] Installing org.objectweb.asm [9.7.0]
[2024-06-27 09:47:34] Installing org.objectweb.asm.commons [9.7.0]
[2024-06-27 09:47:34] Installing org.objectweb.asm.tree [9.7.0]
[2024-06-27 09:47:34] Installing org.objectweb.asm.tree.analysis [9.7.0]
[2024-06-27 09:47:34] Installing org.objectweb.asm.util [9.7.0]
[2024-06-27 09:47:34] Installing org.opentest4j [1.3.0]
[2024-06-27 09:47:34] Installing org.osgi.service.cm [1.6.1.202109301733]
[2024-06-27 09:47:34] Installing org.osgi.service.component [1.5.1.202212101352]
[2024-06-27 09:47:34] Installing org.osgi.service.device [1.1.1.202109301733]
[2024-06-27 09:47:34] Installing org.osgi.service.event [1.4.1.202109301733]
[2024-06-27 09:47:34] Installing org.osgi.service.http.whiteboard [1.1.1.202109301733]
[2024-06-27 09:47:34] Installing org.osgi.service.metatype [1.4.1.202109301733]
[2024-06-27 09:47:34] Installing org.osgi.service.prefs [1.1.2.202109301733]
[2024-06-27 09:47:34] Installing org.osgi.service.provisioning [1.2.0.201505202024]
[2024-06-27 09:47:34] Installing org.osgi.service.upnp [1.2.1.202109301733]
[2024-06-27 09:47:34] Installing org.osgi.service.useradmin [1.1.1.202109301733]
[2024-06-27 09:47:34] Installing org.osgi.service.wireadmin [1.0.2.202109301733]
[2024-06-27 09:47:34] Installing org.osgi.util.function [1.2.0.202109301733]
[2024-06-27 09:47:34] Installing org.osgi.util.measurement [1.0.2.201802012109]
[2024-06-27 09:47:34] Installing org.osgi.util.position [1.0.1.201505202026]
[2024-06-27 09:47:34] Installing org.osgi.util.promise [1.3.0.202212101352]
[2024-06-27 09:47:34] Installing org.osgi.util.xml [1.0.2.202109301733]
[2024-06-27 09:47:34] Installing org.sat4j.core [2.3.6.v20201214]
[2024-06-27 09:47:34] Installing org.sat4j.pb [2.3.6.v20201214]
[2024-06-27 09:47:34] Installing org.snakeyaml.engine [2.7.0]
[2024-06-27 09:47:34] Installing org.tukaani.xz [1.9.0]
[2024-06-27 09:47:34] Installing slf4j.api [2.0.13]
[2024-06-27 09:47:34] Installing tooling.org.eclipse.update.feature.default [1.0.0]
[2024-06-27 09:47:34] Installing tooling.osgi.bundle.default [1.0.0]
[2024-06-27 09:47:34] Installing tooling.source.default [1.0.0]
[2024-06-27 09:47:34] Installing toolingepp.package.java.application [4.32.0.20240606-1231]
[2024-06-27 09:47:34] Installing toolingepp.package.java.config.win32.win32.x86_64 [4.32.0.20240606-1231]
[2024-06-27 09:47:34] Installing toolingepp.package.java.configuration [4.32.0.20240606-1231]
[2024-06-27 09:47:34] Installing toolingepp.package.java.executable.win32.win32.x86_64 [4.32.0.20240606-1231]
[2024-06-27 09:47:34] Installing toolingepp.package.java.ini.win32.win32.x86_64 [4.32.0.20240606-1231]
[2024-06-27 09:47:34] Installing toolingorg.eclipse.equinox.launcher [1.6.800.v20240513-1750]
[2024-06-27 09:47:34] Installing toolingorg.eclipse.equinox.launcher.win32.win32.x86_64 [1.2.1000.v20240507-1834]
[2024-06-27 09:47:34] Installing toolingwin32.win32.x86_64org.apache.aries.spifly.dynamic.bundle [4.32.0.20240606-1231]
[2024-06-27 09:47:34] Installing toolingwin32.win32.x86_64org.apache.felix.scr [4.32.0.20240606-1231]
[2024-06-27 09:47:34] Installing toolingwin32.win32.x86_64org.eclipse.core.runtime [4.32.0.20240606-1231]
[2024-06-27 09:47:34] Installing toolingwin32.win32.x86_64org.eclipse.equinox.common [4.32.0.20240606-1231]
[2024-06-27 09:47:34] Installing toolingwin32.win32.x86_64org.eclipse.equinox.event [4.32.0.20240606-1231]
[2024-06-27 09:47:34] Installing toolingwin32.win32.x86_64org.eclipse.equinox.p2.reconciler.dropins [4.32.0.20240606-1231]
[2024-06-27 09:47:34] Installing toolingwin32.win32.x86_64org.eclipse.equinox.simpleconfigurator [4.32.0.20240606-1231]
[2024-06-27 09:47:35] Preparing to commit the provisioning operation.
[2024-06-27 09:47:35] Committing the provisioning operation.
[2024-06-27 09:47:39] Performing Eclipse Ini --launcher.appendVmargs
[2024-06-27 09:47:39] Performing Eclipse Ini -Declipse.p2.max.threads=10
[2024-06-27 09:47:39] Changing C:\Users\melon\eclipse\java-2024-06\eclipse\eclipse.ini (-Declipse.p2.max.threads=10)
[2024-06-27 09:47:39] Performing Eclipse Ini -Doomph.update.url=https://download.eclipse.org/oomph/updates/milestone/latest
[2024-06-27 09:47:39] Changing C:\Users\melon\eclipse\java-2024-06\eclipse\eclipse.ini (-Doomph.update.url=https://download.eclipse.org/oomph/updates/milestone/latest)
[2024-06-27 09:47:39] Performing Eclipse Ini -Doomph.redirection.index.redirection=index:/->https://raw.githubusercontent.com/eclipse-oomph/oomph/master/setups/
[2024-06-27 09:47:39] Changing C:\Users\melon\eclipse\java-2024-06\eclipse\eclipse.ini (-Doomph.redirection.index.redirection=index:/->https://raw.githubusercontent.com/eclipse-oomph/oomph/master/setups/)
[2024-06-27 09:47:39] Performing Eclipse Ini --add-opens=java.base/java.lang=ALL-UNNAMED
[2024-06-27 09:47:39] Changing C:\Users\melon\eclipse\java-2024-06\eclipse\eclipse.ini (--add-opens=java.base/java.lang=ALL-UNNAMED)
[2024-06-27 09:47:39] Performing Eclipse Ini -Djava.security.manager=allow
[2024-06-27 09:47:39] Performing post bootstrap tasks
[2024-06-27 09:47:39] 
